Name,Type,Price,Ratings,Customers
"Acer Aspire 5 Slim Laptop, 15.6 inches Full HD IPS Display, AMD Ryzen 3 3200U, Vega 3 Graphics, 4GB DDR4, 128GB SSD, Backlit Keyboard, Windows 10 in S Mode, A515-43-R19L, Silver","
    
        
        
            Personal Computers
        
    
",$454.00,4.6 out of 5 stars,"18,953"
"Acer Aspire 5 Slim Laptop, 15.6 inches Full HD IPS Display, AMD Ryzen 3 3200U, Vega 3 Graphics, 4GB DDR4, 128GB SSD, Backlit Keyboard, Windows 10 in S Mode, A515-43-R19L, Silver",,,4.6 out of 5 stars,"18,953"
"Lenovo IdeaPad 3 14"" Laptop, 14.0"" FHD 1920 x 1080 Display, AMD Ryzen 5 3500U Processor, 8GB DDR4 RAM, 256GB SSD, AMD Radeon Vega 8 Graphics, Narrow Bezel, Windows 10, 81W0003QUS, Abyss Blue","
    
        
        
            Personal Computers
        
    
",$421.53,4.5 out of 5 stars,"1,550"
"Lenovo IdeaPad 3 14"" Laptop, 14.0"" FHD 1920 x 1080 Display, AMD Ryzen 5 3500U Processor, 8GB DDR4 RAM, 256GB SSD, AMD Radeon Vega 8 Graphics, Narrow Bezel, Windows 10, 81W0003QUS, Abyss Blue",,,4.5 out of 5 stars,"1,550"
"Acer Predator Helios 300 Gaming Laptop, Intel i7-10750H, NVIDIA GeForce RTX 2060 6GB, 15.6"" Full HD 144Hz 3ms IPS Display, 16GB Dual-Channel DDR4, 512GB NVMe SSD, Wi-Fi 6, RGB Keyboard, PH315-53-72XD","
    
        
        
            Personal Computers
        
    
","$1,178.48",4.7 out of 5 stars,"1,490"
"Acer Predator Helios 300 Gaming Laptop, Intel i7-10750H, NVIDIA GeForce RTX 2060 6GB, 15.6"" Full HD 144Hz 3ms IPS Display, 16GB Dual-Channel DDR4, 512GB NVMe SSD, Wi-Fi 6, RGB Keyboard, PH315-53-72XD",,,4.7 out of 5 stars,"1,490"
"Acer Chromebook Spin 311 Convertible Laptop, Intel Celeron N4020, 11.6"" HD Touch, 4GB LPDDR4, 32GB eMMC, Gigabit Wi-Fi 5, Bluetooth 5.0, Google Chrome, CP311-2H-C679","
    
        
        
            Personal Computers
        
    
",$335.99,4.6 out of 5 stars,"2,682"
"Acer Chromebook Spin 311 Convertible Laptop, Intel Celeron N4020, 11.6"" HD Touch, 4GB LPDDR4, 32GB eMMC, Gigabit Wi-Fi 5, Bluetooth 5.0, Google Chrome, CP311-2H-C679",,,4.6 out of 5 stars,"2,682"
"Acer Nitro 5 Gaming Laptop, 9th Gen Intel Core i5-9300H, NVIDIA GeForce GTX 1650, 15.6"" Full HD IPS Display, 8GB DDR4, 256GB NVMe SSD, Wi-Fi 6, Backlit Keyboard, Alexa Built-in, AN515-54-5812","
    
        
        
            Personal Computers
        
    
",$714.99,4.7 out of 5 stars,"1,576"
"Acer Nitro 5 Gaming Laptop, 9th Gen Intel Core i5-9300H, NVIDIA GeForce GTX 1650, 15.6"" Full HD IPS Display, 8GB DDR4, 256GB NVMe SSD, Wi-Fi 6, Backlit Keyboard, Alexa Built-in, AN515-54-5812",,,4.7 out of 5 stars,"1,576"
"ASUS F512DA-EB51 VivoBook 15 Thin And Light Laptop, 15.6” Full HD, AMD Quad Core R5-3500U CPU, 8GB DDR4 RAM, 256GB PCIe SSD, AMD Radeon Vega 8 Graphics, Windows 10 Home,Slate Gray","
    
        
        
            Personal Computers
        
    
",$589.00,4.5 out of 5 stars,"1,636"
"ASUS F512DA-EB51 VivoBook 15 Thin And Light Laptop, 15.6” Full HD, AMD Quad Core R5-3500U CPU, 8GB DDR4 RAM, 256GB PCIe SSD, AMD Radeon Vega 8 Graphics, Windows 10 Home,Slate Gray",,,4.5 out of 5 stars,"1,636"
"HP Pavilion x360 14 Convertible 2-in-1 Laptop, 14” Full HD Touchscreen Display, Intel Core i5, 8 GB DDR4 RAM, 512 GB SSD Storage, Windows 10 Home, Backlit Keyboard (14-dh2011nr, 2020 Model)","
    
        
        
            Natural silver
        
    
",$739.99,4.6 out of 5 stars,533
"HP Pavilion x360 14 Convertible 2-in-1 Laptop, 14” Full HD Touchscreen Display, Intel Core i5, 8 GB DDR4 RAM, 512 GB SSD Storage, Windows 10 Home, Backlit Keyboard (14-dh2011nr, 2020 Model)",,,4.6 out of 5 stars,533
"MSI GL65 Leopard 10SFK-062 15.6"" FHD 144Hz 3ms Thin Bezel Gaming Laptop Intel Core i7-10750H RTX2070 16GB 512GB NVMe SSD Win 10","
    
        
        
            Personal Computers
        
    
","$1,325.42",4.7 out of 5 stars,"1,093"
"MSI GL65 Leopard 10SFK-062 15.6"" FHD 144Hz 3ms Thin Bezel Gaming Laptop Intel Core i7-10750H RTX2070 16GB 512GB NVMe SSD Win 10",,,4.7 out of 5 stars,"1,093"
"Acer Nitro 5 Gaming Laptop, 9th Gen Intel Core i7-9750H, NVIDIA GeForce RTX 2060, 15.6"" Full HD IPS 144Hz Display, 16GB DDR4, 256GB NVMe SSD, Wi-Fi 6, Waves MaxxAudio, Backlit Keyboard, AN515-54-728C","
    
        
        
            Personal Computers
        
    
",$999.99,4.5 out of 5 stars,498
"Acer Nitro 5 Gaming Laptop, 9th Gen Intel Core i7-9750H, NVIDIA GeForce RTX 2060, 15.6"" Full HD IPS 144Hz Display, 16GB DDR4, 256GB NVMe SSD, Wi-Fi 6, Waves MaxxAudio, Backlit Keyboard, AN515-54-728C",,,4.5 out of 5 stars,498
"Lenovo Flex 5 14"" 2-in-1 Laptop, 14.0"" FHD (1920 x 1080) Touch Display, AMD Ryzen 5 4500U Processor, 16GB DDR4, 256GB SSD, AMD Radeon Graphics, Digital Pen Included, Win 10, 81X20005US, Graphite Grey","
    
        
        
            Personal Computers
        
    
",$769.89,4.5 out of 5 stars,"2,718"
"Lenovo Flex 5 14"" 2-in-1 Laptop, 14.0"" FHD (1920 x 1080) Touch Display, AMD Ryzen 5 4500U Processor, 16GB DDR4, 256GB SSD, AMD Radeon Graphics, Digital Pen Included, Win 10, 81X20005US, Graphite Grey",,,4.5 out of 5 stars,"2,718"
"Lenovo Chromebook C330 2-in-1 Convertible Laptop, 11.6-Inch HD (1366 x 768) IPS Display, MediaTek MT8173C Processor, 4GB LPDDR3, 64 GB eMMC, Chrome OS, 81HY0000US, Blizzard White","
    
        
        
            Personal Computers
        
    
",$295.75,4.5 out of 5 stars,"5,553"
"Lenovo Chromebook C330 2-in-1 Convertible Laptop, 11.6-Inch HD (1366 x 768) IPS Display, MediaTek MT8173C Processor, 4GB LPDDR3, 64 GB eMMC, Chrome OS, 81HY0000US, Blizzard White",,,4.5 out of 5 stars,"5,553"
"SAMSUNG XE310XBA-K02US Chromebook 4 Chrome OS 11.6"" HD Intel Celeron Processor N4000 4GB RAM 64GB eMMC Gigabit Wi-Fi","
    
        
        
            Personal Computers
        
    
",$249.99,4.5 out of 5 stars,"1,052"
"SAMSUNG XE310XBA-K02US Chromebook 4 Chrome OS 11.6"" HD Intel Celeron Processor N4000 4GB RAM 64GB eMMC Gigabit Wi-Fi",,,4.5 out of 5 stars,"1,052"
"HP 14b-ca0010nr Chromebook X360 14-Inch HD Touchscreen Laptop, Chrome (Ceramic White/Mineral Silver)","
    
        
        
            Personal Computers
        
    
",$373.00,4.7 out of 5 stars,904
"HP 14b-ca0010nr Chromebook X360 14-Inch HD Touchscreen Laptop, Chrome (Ceramic White/Mineral Silver)",,,4.7 out of 5 stars,904
"Razer Blade 15 Base Gaming Laptop 2020: Intel Core i7-10750H 6-Core, NVIDIA GeForce RTX 2060, 15.6"" FHD 1080p 144Hz, 16GB RAM, 512GB SSD, CNC Aluminum, Chroma RGB Lighting, Thunderbolt 3, Black","
    
        
        
            Personal Computers
        
    
","$1,499.99",4.6 out of 5 stars,529
"Razer Blade 15 Base Gaming Laptop 2020: Intel Core i7-10750H 6-Core, NVIDIA GeForce RTX 2060, 15.6"" FHD 1080p 144Hz, 16GB RAM, 512GB SSD, CNC Aluminum, Chroma RGB Lighting, Thunderbolt 3, Black",,,4.6 out of 5 stars,529
"HP 15-dy1036nr 10th Gen Intel Core i5-1035G1, 15.6-Inch FHD Laptop, Natural Silver","
    
        
        
            Personal Computers
        
    
",$622.90,4.5 out of 5 stars,"1,509"
"HP 15-dy1036nr 10th Gen Intel Core i5-1035G1, 15.6-Inch FHD Laptop, Natural Silver",,,4.5 out of 5 stars,"1,509"
"ASUS F512JA-AS34 VivoBook 15 Thin and Light Laptop, 15.6” FHD Display, Intel i3-1005G1 CPU, 8GB RAM, 128GB SSD, Backlit Keyboard, Fingerprint, Windows 10 Home in S Mode, Slate Gray","
    
        
        
            Personal Computers
        
    
",$488.00,4.5 out of 5 stars,"3,463"
"ASUS F512JA-AS34 VivoBook 15 Thin and Light Laptop, 15.6” FHD Display, Intel i3-1005G1 CPU, 8GB RAM, 128GB SSD, Backlit Keyboard, Fingerprint, Windows 10 Home in S Mode, Slate Gray",,,4.5 out of 5 stars,"3,463"
"Lenovo Chromebook Flex 5 13"" Laptop, FHD (1920 x 1080) Touch Display, Intel Core i3-10110U Processor, 4GB DDR4 Onboard RAM, 64GB SSD, Intel Integrated Graphics, Chrome OS, 82B80006UX, Graphite Grey","
    
        
        
            Personal Computers
        
    
",$407.92,4.5 out of 5 stars,988
"Lenovo Chromebook Flex 5 13"" Laptop, FHD (1920 x 1080) Touch Display, Intel Core i3-10110U Processor, 4GB DDR4 Onboard RAM, 64GB SSD, Intel Integrated Graphics, Chrome OS, 82B80006UX, Graphite Grey",,,4.5 out of 5 stars,988
"Acer Aspire 5 A515-55-56VK, 15.6"" Full HD IPS Display, 10th Gen Intel Core i5-1035G1, 8GB DDR4, 256GB NVMe SSD, WiFi 6, HD Webcam, Fingerprint Reader, Backlit Keyboard, Windows 10 Home","
    
        
        
            Personal Computers
        
    
",$668.00,4.6 out of 5 stars,409
"Acer Aspire 5 A515-55-56VK, 15.6"" Full HD IPS Display, 10th Gen Intel Core i5-1035G1, 8GB DDR4, 256GB NVMe SSD, WiFi 6, HD Webcam, Fingerprint Reader, Backlit Keyboard, Windows 10 Home",,,4.6 out of 5 stars,409
"ASUS UX534FTC-AS77 ZenBook 15 Laptop, 15.6” UHD 4K NanoEdge Display, Intel Core i7-10510U, GeForce GTX 1650, 16GB, 512GB PCIe SSD, ScreenPad 2.0, Amazon Alexa Compatible, Windows 10, Icicle Silver","
    
        
        
            Personal Computers
        
    
","$1,152.12",4.3 out of 5 stars,435
"ASUS UX534FTC-AS77 ZenBook 15 Laptop, 15.6” UHD 4K NanoEdge Display, Intel Core i7-10510U, GeForce GTX 1650, 16GB, 512GB PCIe SSD, ScreenPad 2.0, Amazon Alexa Compatible, Windows 10, Icicle Silver",,,4.3 out of 5 stars,435
"2020 Lenovo IdeaPad Laptop ComputerAMD A6-9220e 1.6GHz 4GB Memory 64GB eMMC Flash Memory 14"" AMD Radeon R4 AC WiFi Microsoft Office 365 Platinum Gray Windows 10 Home","
    
        
        
            Personal Computers
        
    
",$259.00,3.9 out of 5 stars,"1,117"
"2020 Lenovo IdeaPad Laptop ComputerAMD A6-9220e 1.6GHz 4GB Memory 64GB eMMC Flash Memory 14"" AMD Radeon R4 AC WiFi Microsoft Office 365 Platinum Gray Windows 10 Home",,,3.9 out of 5 stars,"1,117"
"Acer Chromebook 314, Intel Celeron N4000, 14"" Full HD Display, 4GB LPDDR4, 64GB eMMC, Gigabit WiFi, Google Chrome, CB314-1H-C884","
    
        
        
            Personal Computers
        
    
",$287.34,4.5 out of 5 stars,346
"Acer Chromebook 314, Intel Celeron N4000, 14"" Full HD Display, 4GB LPDDR4, 64GB eMMC, Gigabit WiFi, Google Chrome, CB314-1H-C884",,,4.5 out of 5 stars,346
"ASUS TUF Gaming Laptop, 15.6” 144Hz Full HD IPS-Type Display, Intel Core i7-9750H Processor, GeForce GTX 1650, 8GB DDR4, 512GB PCIe SSD, Gigabit Wi-Fi 5, Windows 10 Home, FX505GT-AB73","
    
        
        
            Personal Computers
        
    
",$839.99,4.6 out of 5 stars,366
"ASUS TUF Gaming Laptop, 15.6” 144Hz Full HD IPS-Type Display, Intel Core i7-9750H Processor, GeForce GTX 1650, 8GB DDR4, 512GB PCIe SSD, Gigabit Wi-Fi 5, Windows 10 Home, FX505GT-AB73",,,4.6 out of 5 stars,366
"ASUS Laptop L210 Ultra Thin Laptop, 11.6” HD Display, Intel Celeron N4020 Processor, 4GB RAM, 64GB Storage, NumberPad, Windows 10 Home in S Mode with One Year of Microsoft 365 Personal, L210MA-DB01","
    
        
        
            Personal Computers
        
    
",$229.99,4.3 out of 5 stars,"4,660"
"ASUS Laptop L210 Ultra Thin Laptop, 11.6” HD Display, Intel Celeron N4020 Processor, 4GB RAM, 64GB Storage, NumberPad, Windows 10 Home in S Mode with One Year of Microsoft 365 Personal, L210MA-DB01",,,4.3 out of 5 stars,"4,660"
"Lenovo Legion 5 Gaming Laptop, 15.6"" FHD (1920x1080) IPS Screen, AMD Ryzen 7 4800H Processor, 16GB DDR4, 512GB SSD, NVIDIA GTX 1660Ti, Windows 10, 82B1000AUS, Phantom Black","
    
        
        
            Personal Computers
        
    
","$1,099.00",4.6 out of 5 stars,361
"Lenovo Legion 5 Gaming Laptop, 15.6"" FHD (1920x1080) IPS Screen, AMD Ryzen 7 4800H Processor, 16GB DDR4, 512GB SSD, NVIDIA GTX 1660Ti, Windows 10, 82B1000AUS, Phantom Black",,,4.6 out of 5 stars,361
"Lenovo Chromebook S330 Laptop, 14-Inch FHD (1920 x 1080) Display, MediaTek MT8173C Processor, 4GB LPDDR3, 64GB eMMC, Chrome OS, 81JW0000US, Business Black","
    
        
        
            Personal Computers
        
    
",$279.99,4.3 out of 5 stars,"1,392"
"Lenovo Chromebook S330 Laptop, 14-Inch FHD (1920 x 1080) Display, MediaTek MT8173C Processor, 4GB LPDDR3, 64GB eMMC, Chrome OS, 81JW0000US, Business Black",,,4.3 out of 5 stars,"1,392"
Newest HP Pavilion Intel Pentium Silver N5000 4GB 128GB SSD Windows 10 Laptop Red,"
    
        
        
            Personal Computers
        
    
",,4.6 out of 5 stars,310
Newest HP Pavilion Intel Pentium Silver N5000 4GB 128GB SSD Windows 10 Laptop Red,,,4.6 out of 5 stars,310
"ASUS ROG Strix G15 (2020) Gaming Laptop, 15.6” 240Hz FHD IPS Type Display, NVIDIA GeForce RTX 2070, Intel Core i7-10750H, 16GB DDR4, 1TB PCIe NVMe SSD, RGB Keyboard, Windows 10, Black, G512LW-ES76","
    
        
        
            Personal Computers
        
    
","$1,449.99",4.6 out of 5 stars,247
"ASUS ROG Strix G15 (2020) Gaming Laptop, 15.6” 240Hz FHD IPS Type Display, NVIDIA GeForce RTX 2070, Intel Core i7-10750H, 16GB DDR4, 1TB PCIe NVMe SSD, RGB Keyboard, Windows 10, Black, G512LW-ES76",,,4.6 out of 5 stars,247
"Acer Chromebook 514, CB514-1H-C47X, Intel Celeron N3350, 14"" Full HD, 4GB LPDDR4, 32GB eMMC, Backlit Keyboard, Google Chrome","
    
        
        
            Personal Computers
        
    
",$364.99,4.4 out of 5 stars,290
"Acer Chromebook 514, CB514-1H-C47X, Intel Celeron N3350, 14"" Full HD, 4GB LPDDR4, 32GB eMMC, Backlit Keyboard, Google Chrome",,,4.4 out of 5 stars,290
"Acer Spin 5 Convertible Laptop, 13.5"" 2K 2256 x 1504 IPS Touch, 10th Gen Intel Core i7-1065G7, 16GB LPDDR4X, 512GB NVMe SSD, Wi-Fi 6, Backlit KB, FPR, Rechargeable Active Stylus, SP513-54N-74V2","
    
        
        
            Personal Computers
        
    
","$1,099.99",4.5 out of 5 stars,244
"Acer Spin 5 Convertible Laptop, 13.5"" 2K 2256 x 1504 IPS Touch, 10th Gen Intel Core i7-1065G7, 16GB LPDDR4X, 512GB NVMe SSD, Wi-Fi 6, Backlit KB, FPR, Rechargeable Active Stylus, SP513-54N-74V2",,,4.5 out of 5 stars,244
"Newest HP 14-inch Chromebook HD Touchscreen Laptop PC (Intel Celeron N3350 up to 2.4GHz, 4GB RAM, 32GB Flash Memory, WiFi, HD Camera, Bluetooth, Up to 10 hrs Battery Life, Chrome OS , Black )","
    
        
        
            Personal Computers
        
    
",$298.00,4.5 out of 5 stars,519
"Newest HP 14-inch Chromebook HD Touchscreen Laptop PC (Intel Celeron N3350 up to 2.4GHz, 4GB RAM, 32GB Flash Memory, WiFi, HD Camera, Bluetooth, Up to 10 hrs Battery Life, Chrome OS , Black )",,,4.5 out of 5 stars,519
"2020 Newest Lenovo IdeaPad 3 15"" HD Touch Screen Laptop, Intel 10th Gen Dual-Core i3-1005G1 CPU, 8GB DDR4 RAM, 256GB PCI-e SSD, Webcam, WiFi 5, Bluetooth, Windows 10 S - Almond","
    
        
        
            Personal Computers
        
    
",$469.00,4.6 out of 5 stars,193
"2020 Newest Lenovo IdeaPad 3 15"" HD Touch Screen Laptop, Intel 10th Gen Dual-Core i3-1005G1 CPU, 8GB DDR4 RAM, 256GB PCI-e SSD, Webcam, WiFi 5, Bluetooth, Windows 10 S - Almond",,,4.6 out of 5 stars,193
"LG Gram Laptop - 17"" IPS WQXGA (2560 x 1600) Intel 10th Gen Core i7 1065G7 CPU, 16GB RAM, 1TB M.2 NVMe SSD (512GB x2), 17 Hour Battery, Thunderbolt 3 - 17Z90N (2020)","
    
        
        
            Personal Computers
        
    
","$1,493.00",4.5 out of 5 stars,173
"LG Gram Laptop - 17"" IPS WQXGA (2560 x 1600) Intel 10th Gen Core i7 1065G7 CPU, 16GB RAM, 1TB M.2 NVMe SSD (512GB x2), 17 Hour Battery, Thunderbolt 3 - 17Z90N (2020)",,,4.5 out of 5 stars,173
"Lenovo IdeaPad 3 15"" Laptop, 15.6"" HD (1366 x 768) Display, AMD Ryzen 3 3250U Processor, 4GB DDR4 Onboard RAM, 128GB SSD, AMD Radeon Vega 3 Graphics, Windows 10, 81W10094US, Business Black","
    
        
        
            Personal Computers
        
    
",$357.35,4.4 out of 5 stars,246
"Lenovo IdeaPad 3 15"" Laptop, 15.6"" HD (1366 x 768) Display, AMD Ryzen 3 3250U Processor, 4GB DDR4 Onboard RAM, 128GB SSD, AMD Radeon Vega 3 Graphics, Windows 10, 81W10094US, Business Black",,,4.4 out of 5 stars,246
"HP Chromebook 14-inch HD Laptop, Intel Celeron N4000, 4 GB RAM, 32 GB eMMC, Chrome (14a-na0010nr, Mineral Silver)","
    
        
        
            Mineral Silver
        
    
",$278.88,4.6 out of 5 stars,"1,871"
"HP Chromebook 14-inch HD Laptop, Intel Celeron N4000, 4 GB RAM, 32 GB eMMC, Chrome (14a-na0010nr, Mineral Silver)",,,4.6 out of 5 stars,"1,871"
"Newest Flagship HP Chromebook, 11.6"" HD (1366 x 768) Display, Intel Celeron Processor N3350, 4GB LPDDR2, 32GB eMMC, Chrome OS, HD Graphics 500, 11A-NB0013DX, Ash Gray","
    
        
        
            Personal Computers
        
    
",$223.00,4.6 out of 5 stars,322
"Newest Flagship HP Chromebook, 11.6"" HD (1366 x 768) Display, Intel Celeron Processor N3350, 4GB LPDDR2, 32GB eMMC, Chrome OS, HD Graphics 500, 11A-NB0013DX, Ash Gray",,,4.6 out of 5 stars,322
"2020 HP 15.6"" HD LED Display Laptop, Intel Pentium Gold 6405U Processor, 4GB DDR4 RAM, 128GB SSD, HDMI, Webcam, WI-FI, Windows 10 S, Scarlet Red","
    
        
        
            Personal Computers
        
    
",,4.6 out of 5 stars,107
"2020 HP 15.6"" HD LED Display Laptop, Intel Pentium Gold 6405U Processor, 4GB DDR4 RAM, 128GB SSD, HDMI, Webcam, WI-FI, Windows 10 S, Scarlet Red",,,4.6 out of 5 stars,107
"HP Chromebook 11-inch Laptop - Up to 15 Hour Battery Life - MediaTek - MT8183 - 4 GB RAM - 32 GB eMMC Storage - 11.6-inch HD Display - with Chrome OS - (11a-na0021nr, 2020 Model, Snow White)","
    
        
        
            Snow White
        
    
",$256.00,4.5 out of 5 stars,142
"HP Chromebook 11-inch Laptop - Up to 15 Hour Battery Life - MediaTek - MT8183 - 4 GB RAM - 32 GB eMMC Storage - 11.6-inch HD Display - with Chrome OS - (11a-na0021nr, 2020 Model, Snow White)",,,4.5 out of 5 stars,142
"Microsoft Surface Pro 7 – 12.3"" Touch-Screen - 10th Gen Intel Core i5 - 8GB Memory - 128GB SSD (Latest Model) – Platinum (VDV-00001)","
    
        
        
            Platinum
        
    
",,4.4 out of 5 stars,"1,372"
"Microsoft Surface Pro 7 – 12.3"" Touch-Screen - 10th Gen Intel Core i5 - 8GB Memory - 128GB SSD (Latest Model) – Platinum (VDV-00001)",,,4.4 out of 5 stars,"1,372"
"Newest HP Stream 14inch HD(1366x768) Display, Intel Celeron N4000 Dual-Core Processor, 4GB RAM, 32GB eMMC, HDMI, WiFi, Webcam, Bluetooth, Win10 S, Rose Pink(Renewed)","
    
        
        
            Personal Computers
        
    
",$289.00,4.2 out of 5 stars,"2,463"
"Newest HP Stream 14inch HD(1366x768) Display, Intel Celeron N4000 Dual-Core Processor, 4GB RAM, 32GB eMMC, HDMI, WiFi, Webcam, Bluetooth, Win10 S, Rose Pink(Renewed)",,,4.2 out of 5 stars,"2,463"
"HP Stream 11.6-inch HD Laptop, Intel Celeron N4000, 4 GB RAM, 32 GB eMMC, Windows 10 Home in S Mode with Office 365 Personal for 1 Year (11-ak0020nr, Diamond White)","
    
        
        
            Diamond White
        
    
",$259.99,4.4 out of 5 stars,974
"HP Stream 11.6-inch HD Laptop, Intel Celeron N4000, 4 GB RAM, 32 GB eMMC, Windows 10 Home in S Mode with Office 365 Personal for 1 Year (11-ak0020nr, Diamond White)",,,4.4 out of 5 stars,974
"ASUS Chromebook Flip C434 2-In-1 Laptop- 14"" Full HD 4-Way NanoEdge Touchscreen, Intel Core M3-8100Y Processor, 8GB RAM, 64GB eMMC Storage, Backlit KB, Chrome OS- C434TA-DS384T Silver","
    
        
        
            Personal Computers
        
    
",$599.99,4.4 out of 5 stars,"1,595"
"ASUS Chromebook Flip C434 2-In-1 Laptop- 14"" Full HD 4-Way NanoEdge Touchscreen, Intel Core M3-8100Y Processor, 8GB RAM, 64GB eMMC Storage, Backlit KB, Chrome OS- C434TA-DS384T Silver",,,4.4 out of 5 stars,"1,595"
"Evoo 14.1” Ultra Slim Notebook - Elite Series, FHD Display, AMD Ryzen 5 3500U Processor with Radeon Vega 8 Graphics, 8GB RAM, 256GB SSD, HD Webcam, Windows 10 Home, Black (EVC141-12BK)","
    
        
        
            Personal Computers
        
    
",$449.99,4.5 out of 5 stars,8
"Evoo 14.1” Ultra Slim Notebook - Elite Series, FHD Display, AMD Ryzen 5 3500U Processor with Radeon Vega 8 Graphics, 8GB RAM, 256GB SSD, HD Webcam, Windows 10 Home, Black (EVC141-12BK)",,,4.5 out of 5 stars,8
"Acer Predator Triton 500 PT515-52-73L3 Gaming Laptop, Intel i7-10750H, NVIDIA GeForce RTX 2070 Super, 15.6"" FHD NVIDIA G-SYNC Display, 300Hz, 16GB Dual-Channel DDR4, 512GB NVMe SSD, RGB Backlit KB","
    
        
        
            Personal Computers
        
    
","$1,749.00",4.2 out of 5 stars,39
"Acer Predator Triton 500 PT515-52-73L3 Gaming Laptop, Intel i7-10750H, NVIDIA GeForce RTX 2070 Super, 15.6"" FHD NVIDIA G-SYNC Display, 300Hz, 16GB Dual-Channel DDR4, 512GB NVMe SSD, RGB Backlit KB",,,4.2 out of 5 stars,39
"HP Pavilion Laptop, 15.6"" Full HD IPS Touchscreen, 10th Gen Intel Core i5-1035G1 Processor up to 3.60GHz, 12GB RAM, 512GB PCIe NVMe SSD, Backlit Keyboard, HDMI, Wireless-AC, Bluetooth, Windows 10 Home","
    
        
        
            Personal Computers
        
    
",$675.00,4.3 out of 5 stars,439
"HP Pavilion Laptop, 15.6"" Full HD IPS Touchscreen, 10th Gen Intel Core i5-1035G1 Processor up to 3.60GHz, 12GB RAM, 512GB PCIe NVMe SSD, Backlit Keyboard, HDMI, Wireless-AC, Bluetooth, Windows 10 Home",,,4.3 out of 5 stars,439
"Lenovo IdeaPad S150 (81VS0001US) Laptop, 14"" HD Display, AMD A6-9220e Upto 2.4GHz, 4GB RAM, 64GB eMMC, HDMI, Card Reader, Wi-Fi, Bluetooth, Windows 10 Home, Silver","
    
        
        
            Personal Computers
        
    
",$264.00,3.9 out of 5 stars,882
"Lenovo IdeaPad S150 (81VS0001US) Laptop, 14"" HD Display, AMD A6-9220e Upto 2.4GHz, 4GB RAM, 64GB eMMC, HDMI, Card Reader, Wi-Fi, Bluetooth, Windows 10 Home, Silver",,,3.9 out of 5 stars,882
"Dell Inspiron 17 3793 2020 Premium 17.3” FHD Laptop Notebook Computer, 10th Gen 4-Core Intel Core i5-1035G1 1.0 GHz, 16GB RAM, 512GB SSD + 1TB HDD, DVD,Webcam,Bluetooth,Wi-Fi,HDMI, Win 10 Home","
    
        
        
            Personal Computers
        
    
",$885.00,4.5 out of 5 stars,200
"Dell Inspiron 17 3793 2020 Premium 17.3” FHD Laptop Notebook Computer, 10th Gen 4-Core Intel Core i5-1035G1 1.0 GHz, 16GB RAM, 512GB SSD + 1TB HDD, DVD,Webcam,Bluetooth,Wi-Fi,HDMI, Win 10 Home",,,4.5 out of 5 stars,200
"ROG Zephyrus G15 (2020) Ultra Slim Gaming Laptop, 15.6” 144Hz FHD Display, GeForce GTX 1660 Ti Max-Q, AMD Ryzen 7 4800HS, 16GB DDR4, 1TB PCIe NVMe SSD, Gig+ Wi-Fi 6, Windows 10 Home, GA502IU-ES76","
    
        
        
            Personal Computers
        
    
","$1,049.99",4.2 out of 5 stars,141
"ROG Zephyrus G15 (2020) Ultra Slim Gaming Laptop, 15.6” 144Hz FHD Display, GeForce GTX 1660 Ti Max-Q, AMD Ryzen 7 4800HS, 16GB DDR4, 1TB PCIe NVMe SSD, Gig+ Wi-Fi 6, Windows 10 Home, GA502IU-ES76",,,4.2 out of 5 stars,141
"New HP 15.6"" HD Touchscreen Laptop Intel Core i3-1005G1 8GB DDR4 RAM 128GB SSD HDMI Bluetooth 802.11/b/g/n/ac Windows 10 15-dy1731ms Silver","
    
        
        
            Personal Computers
        
    
",$529.00,4.6 out of 5 stars,847
"New HP 15.6"" HD Touchscreen Laptop Intel Core i3-1005G1 8GB DDR4 RAM 128GB SSD HDMI Bluetooth 802.11/b/g/n/ac Windows 10 15-dy1731ms Silver",,,4.6 out of 5 stars,847
"Samsung Chromebook 4 Chrome OS 11.6"" HD Intel Celeron Processor N4000 4GB RAM 32GB eMMC Gigabit Wi-Fi - XE310XBA-K01US (Renewed)","
    
        
        
            Personal Computers
        
    
",$205.99,4.5 out of 5 stars,99
"Samsung Chromebook 4 Chrome OS 11.6"" HD Intel Celeron Processor N4000 4GB RAM 32GB eMMC Gigabit Wi-Fi - XE310XBA-K01US (Renewed)",,,4.5 out of 5 stars,99
"SAMSUNG XE350XBA-K01US Chromebook 4 + Chrome OS 15.6"" Full HD Intel Celeron Processor N4000 4GB RAM 32Gb Emmc Gigabit Wi-Fi, Silver","
    
        
        
            Personal Computers
        
    
",$299.00,4.4 out of 5 stars,"1,650"
"SAMSUNG XE350XBA-K01US Chromebook 4 + Chrome OS 15.6"" Full HD Intel Celeron Processor N4000 4GB RAM 32Gb Emmc Gigabit Wi-Fi, Silver",,,4.4 out of 5 stars,"1,650"
"Dell XPS 15 - 15 Inch FHD+, Intel Core i7 10th Gen, 16GB Memory, 512GB Solid State Drive, Nvidia GeForce GTX 1650 Ti 4GB GDDR6, Windows 10 Home (Latest Model) - Silver","
    
        
        
            Personal Computers
        
    
","$2,100.00",4.0 out of 5 stars,149
"Dell XPS 15 - 15 Inch FHD+, Intel Core i7 10th Gen, 16GB Memory, 512GB Solid State Drive, Nvidia GeForce GTX 1650 Ti 4GB GDDR6, Windows 10 Home (Latest Model) - Silver",,,4.0 out of 5 stars,149
"HP Stream 14-inch Laptop, Intel Celeron N4000, 4 GB RAM, 64 GB eMMC, Windows 10 Home in S Mode with Office 365 Personal for 1 Year (14-cb186nr, Brilliant Black) (9MV74UA#ABA)","
    
        
        
            Brilliant Black
        
    
",$318.00,4.5 out of 5 stars,"1,470"
"HP Stream 14-inch Laptop, Intel Celeron N4000, 4 GB RAM, 64 GB eMMC, Windows 10 Home in S Mode with Office 365 Personal for 1 Year (14-cb186nr, Brilliant Black) (9MV74UA#ABA)",,,4.5 out of 5 stars,"1,470"
Lenovo Yoga C740-14 FHD Touch - 10th gen i5-10210U - 8GB - 256GB SSD - Mica,"
    
        
        
            Personal Computers
        
    
",$638.00,4.6 out of 5 stars,313
Lenovo Yoga C740-14 FHD Touch - 10th gen i5-10210U - 8GB - 256GB SSD - Mica,,,4.6 out of 5 stars,313
"2020 Newest HP x360 2-in-1 14-inch FHD Touchscreen Chromebook 10th Gen. Intel Core i3-10110U, 8GB RAM, 64GB eMMC, B&O Audio, WiFi 6, Backlit Keyboard, Fingerprint Reader - Mineral Silver","
    
        
        
            Personal Computers
        
    
",$478.98,4.6 out of 5 stars,321
"2020 Newest HP x360 2-in-1 14-inch FHD Touchscreen Chromebook 10th Gen. Intel Core i3-10110U, 8GB RAM, 64GB eMMC, B&O Audio, WiFi 6, Backlit Keyboard, Fingerprint Reader - Mineral Silver",,,4.6 out of 5 stars,321
"ASUS ZenBook Pro Duo UX581 15.6” 4K UHD NanoEdge Bezel Touch, Intel Core i7-9750H, 16GB RAM, 1TB PCIe SSD, GeForce RTX 2060, Innovative Screenpad Plus, Windows 10 Pro, Celestial Blue, UX581GV-XB74T","
    
        
        
            Personal Computers
        
    
","$1,999.99",4.3 out of 5 stars,423
"ASUS ZenBook Pro Duo UX581 15.6” 4K UHD NanoEdge Bezel Touch, Intel Core i7-9750H, 16GB RAM, 1TB PCIe SSD, GeForce RTX 2060, Innovative Screenpad Plus, Windows 10 Pro, Celestial Blue, UX581GV-XB74T",,,4.3 out of 5 stars,423
"2020 HP 14-inch HD Touchscreen Premium Laptop PC, AMD Ryzen 3 3200U Processor, 8GB DDR4 Memory, 256GB SSD, Bluetooth, Windows 10, Silver","
    
        
        
            Personal Computers
        
    
",$508.00,4.6 out of 5 stars,578
"2020 HP 14-inch HD Touchscreen Premium Laptop PC, AMD Ryzen 3 3200U Processor, 8GB DDR4 Memory, 256GB SSD, Bluetooth, Windows 10, Silver",,,4.6 out of 5 stars,578
"2019 HP Stream Laptop 14inch, Intel Celeron N4000, Intel UHD Graphics 600, 4GB SDRAM, 32GB SSD, HDMI, Win10, 14-cb164wm Brilliant Black (Renewed)","
    
        
        
            Brilliant Black
        
    
",$264.00,4.0 out of 5 stars,"1,528"
"2019 HP Stream Laptop 14inch, Intel Celeron N4000, Intel UHD Graphics 600, 4GB SDRAM, 32GB SSD, HDMI, Win10, 14-cb164wm Brilliant Black (Renewed)",,,4.0 out of 5 stars,"1,528"
"ASUS ZenBook 13 Ultra-Slim Laptop, 13.3” FHD NanoEdge Bezel Display, Intel Core i7-1165G7, 16GB LPDDR4X RAM, 1TB PCIe SSD, NumberPad, Thunderbolt 4, Wi-Fi 6, Windows 10 Home, Pine Grey, UX325EA-AH77","
    
        
        
            Personal Computers
        
    
",$973.43,4.3 out of 5 stars,96
"ASUS ZenBook 13 Ultra-Slim Laptop, 13.3” FHD NanoEdge Bezel Display, Intel Core i7-1165G7, 16GB LPDDR4X RAM, 1TB PCIe SSD, NumberPad, Thunderbolt 4, Wi-Fi 6, Windows 10 Home, Pine Grey, UX325EA-AH77",,,4.3 out of 5 stars,96
"ASUS TUF FX505DT Gaming Laptop- 15.6"", 120Hz Full HD, AMD Ryzen 5 R5-3550H Processor, GeForce GTX 1650 Graphics, 8GB DDR4, 256GB PCIe SSD, RGB Keyboard, Windows 10 64-bit - FX505DT-AH51","
    
        
        
            Personal Computers
        
    
",$739.00,4.4 out of 5 stars,"1,962"
"ASUS TUF FX505DT Gaming Laptop- 15.6"", 120Hz Full HD, AMD Ryzen 5 R5-3550H Processor, GeForce GTX 1650 Graphics, 8GB DDR4, 256GB PCIe SSD, RGB Keyboard, Windows 10 64-bit - FX505DT-AH51",,,4.4 out of 5 stars,"1,962"
"Samsung Chromebook Plus V2 2-in-1 Laptop- 4GB RAM, 64GB eMMC, 13MP Camera, Chrome OS, 12.2"", 16:10 Aspect Ratio- XE520QAB-K03US Light Titan","
    
        
        
            Personal Computers
        
    
",$429.99,4.4 out of 5 stars,738
"Samsung Chromebook Plus V2 2-in-1 Laptop- 4GB RAM, 64GB eMMC, 13MP Camera, Chrome OS, 12.2"", 16:10 Aspect Ratio- XE520QAB-K03US Light Titan",,,4.4 out of 5 stars,738
"MSI Creator 15 A10SFS-287 15.6"" UHD 4K Ultra Thin Bezel Adobe 100% Thin and Light Professional Laptop Intel Core i7-10875H GeForce RTX 2070 Super 32GB DDR4 1TB NVMe SSD TB3 Win10PRO VR Ready","
    
        
        
            Personal Computers
        
    
","$1,879.99",3.9 out of 5 stars,8
"MSI Creator 15 A10SFS-287 15.6"" UHD 4K Ultra Thin Bezel Adobe 100% Thin and Light Professional Laptop Intel Core i7-10875H GeForce RTX 2070 Super 32GB DDR4 1TB NVMe SSD TB3 Win10PRO VR Ready",,,3.9 out of 5 stars,8
"Fast Dell Latitude E5470 HD Business Laptop Notebook PC (Intel Core i5-6300U, 8GB Ram, 256GB Solid State SSD, HDMI, Camera, WiFi, SC Card Reader) Win 10 Pro (Renewed).","
    
        
        
            Personal Computers
        
    
",$519.99,4.2 out of 5 stars,460
"Fast Dell Latitude E5470 HD Business Laptop Notebook PC (Intel Core i5-6300U, 8GB Ram, 256GB Solid State SSD, HDMI, Camera, WiFi, SC Card Reader) Win 10 Pro (Renewed).",,,4.2 out of 5 stars,460
"HP 14-inch Touchscreen Laptop, AMD Ryzen 3-3200U up to 3.5GHz, 8GB DDR4, 256GB SSD, Bluetooth, USB 3.1 Type-C, Webcam, WiFi, HDMI, Windows 10 Home","
    
        
        
            Personal Computers
        
    
",$509.00,4.6 out of 5 stars,414
"HP 14-inch Touchscreen Laptop, AMD Ryzen 3-3200U up to 3.5GHz, 8GB DDR4, 256GB SSD, Bluetooth, USB 3.1 Type-C, Webcam, WiFi, HDMI, Windows 10 Home",,,4.6 out of 5 stars,414
"Apple MacBook Air MJVM2LL/A 11.6 Inch Laptop (Intel Core i5 Dual-Core 1.6GHz up to 2.7GHz, 4GB RAM, 128GB SSD, Wi-Fi, Bluetooth 4.0, Integrated Intel HD Graphics 6000, Mac OS) (Renewed)","
    
        
        
            Personal Computers
        
    
",$515.00,4.4 out of 5 stars,"1,207"
"Apple MacBook Air MJVM2LL/A 11.6 Inch Laptop (Intel Core i5 Dual-Core 1.6GHz up to 2.7GHz, 4GB RAM, 128GB SSD, Wi-Fi, Bluetooth 4.0, Integrated Intel HD Graphics 6000, Mac OS) (Renewed)",,,4.4 out of 5 stars,"1,207"
"Apple MacBook Air MJVM2LL/A 11.6 Inch Laptop (Intel Core i5 Dual-Core 1.6GHz up to 2.7GHz, 4GB RAM, 128GB SSD, Wi-Fi, Bluetooth 4.0, Integrated Intel HD Graphics 6000, Mac OS) (Renewed)","
    
        
        
            Personal Computers
        
    
",$515.00,4.4 out of 5 stars,"1,207"
"Apple MacBook Air MJVM2LL/A 11.6 Inch Laptop (Intel Core i5 Dual-Core 1.6GHz up to 2.7GHz, 4GB RAM, 128GB SSD, Wi-Fi, Bluetooth 4.0, Integrated Intel HD Graphics 6000, Mac OS) (Renewed)",,,4.4 out of 5 stars,"1,207"
"Dell New XPS 13 9300 13.4-inch FHD InfinityEdge Touchscreen Laptop (Silver), Intel Core i7-1065G7 10th Gen, 16GB RAM, 512GB SSD, Windows 10 Pro (XPS9300-7909SLV-PUS)","
    
        
        
            Personal Computers
        
    
","$1,799.00",4.1 out of 5 stars,168
"Dell New XPS 13 9300 13.4-inch FHD InfinityEdge Touchscreen Laptop (Silver), Intel Core i7-1065G7 10th Gen, 16GB RAM, 512GB SSD, Windows 10 Pro (XPS9300-7909SLV-PUS)",,,4.1 out of 5 stars,168
"ASUS ZenBook Duo UX481 Laptop, 14” FHD NanoEdge Bezel Touch, Intel Core i7-10510U, GeForce MX250, 16GB RAM, 1TB PCIe SSD, Innovative ScreenPad Plus, Windows 10 Pro, Celestial Blue, UX481FL-XS74T","
    
        
        
            Personal Computers
        
    
","$1,447.71",4.4 out of 5 stars,233
"ASUS ZenBook Duo UX481 Laptop, 14” FHD NanoEdge Bezel Touch, Intel Core i7-10510U, GeForce MX250, 16GB RAM, 1TB PCIe SSD, Innovative ScreenPad Plus, Windows 10 Pro, Celestial Blue, UX481FL-XS74T",,,4.4 out of 5 stars,233
"Latest Gen 8 Lenovo ThinkPad X1 Carbon 14"" FHD Ultrabook (400 nits) with 10th Gen Intel i7-10510U Processor up to 4.90 GHz, 1 TB PCIe SSD, 16GB RAM, and Windows 10 Pro","
    
        
        
            Personal Computers
        
    
","$1,439.00",4.8 out of 5 stars,6
"Latest Gen 8 Lenovo ThinkPad X1 Carbon 14"" FHD Ultrabook (400 nits) with 10th Gen Intel i7-10510U Processor up to 4.90 GHz, 1 TB PCIe SSD, 16GB RAM, and Windows 10 Pro",,,4.8 out of 5 stars,6
Samsung Galaxy Book Ion 15.6” Laptop| QLED Display and Intel Core i7 Processor | 8GB Memory | 512GB SSD | Long Battery Life and Windows 10 Operating System | (NP950XCJ-K01US),"
    
        
        
            Personal Computers
        
    
","$1,299.99",4.7 out of 5 stars,77
Samsung Galaxy Book Ion 15.6” Laptop| QLED Display and Intel Core i7 Processor | 8GB Memory | 512GB SSD | Long Battery Life and Windows 10 Operating System | (NP950XCJ-K01US),,,4.7 out of 5 stars,77
"HP Pavilion X360 2-IN-1 11.6"" HD Touch-Screen WLED-backlit Laptop, Intel Pentium N5000 up to 2.7GHz, 4GB DDR4, 128GB SSD, Bluetooth, Wireless-AC, HDMI, Webcam, USB 3.1-C, Media Card Reader, Windows 10","
    
        
        
            Personal Computers
        
    
",$456.00,4.5 out of 5 stars,57
"HP Pavilion X360 2-IN-1 11.6"" HD Touch-Screen WLED-backlit Laptop, Intel Pentium N5000 up to 2.7GHz, 4GB DDR4, 128GB SSD, Bluetooth, Wireless-AC, HDMI, Webcam, USB 3.1-C, Media Card Reader, Windows 10",,,4.5 out of 5 stars,57
"Microsoft Surface Laptop Go - 12.4"" Touchscreen - Intel Core i5 - 8GB Memory - 128GB SSD - Platinum","
    
        
        
            Platinum
        
    
",,4.6 out of 5 stars,103
"Microsoft Surface Laptop Go - 12.4"" Touchscreen - Intel Core i5 - 8GB Memory - 128GB SSD - Platinum",,,4.6 out of 5 stars,103
"ASUS ZenBook 13 Ultra-Slim Laptop 13.3” Full HD NanoEdge Bezel, Intel Core i7-10510U, 16GB RAM, 512GB PCIe SSD, Innovative Screenpad 2.0, Windows 10 Pro - UX334FLC-AH79, Royal Blue","
    
        
        
            Personal Computers
        
    
","$1,145.16",4.3 out of 5 stars,950
"ASUS ZenBook 13 Ultra-Slim Laptop 13.3” Full HD NanoEdge Bezel, Intel Core i7-10510U, 16GB RAM, 512GB PCIe SSD, Innovative Screenpad 2.0, Windows 10 Pro - UX334FLC-AH79, Royal Blue",,,4.3 out of 5 stars,950
"New Alienware m15 15.6 inch FHD Gaming Laptop (Lunar Light) Intel Core i7-10750H 10th Gen, 16GB DDR4 RAM, 1TB SSD, Nvidia Geforce RTX 2070 Super 8GB GDDR6, Windows 10 Home (AWm15-7418WHT-PUS)","
    
        
        
            Personal Computers
        
    
","$2,399.00",4.3 out of 5 stars,42
"New Alienware m15 15.6 inch FHD Gaming Laptop (Lunar Light) Intel Core i7-10750H 10th Gen, 16GB DDR4 RAM, 1TB SSD, Nvidia Geforce RTX 2070 Super 8GB GDDR6, Windows 10 Home (AWm15-7418WHT-PUS)",,,4.3 out of 5 stars,42
"Razer Blade 15 Advanced Gaming Laptop 2020: Intel Core i7-10875H 8-Core, NVIDIA GeForce RTX 2080 SUPER Max-Q, 15.6” FHD 300Hz, 16GB RAM, 1TB SSD, CNC Aluminum, Chroma RGB Lighting, Thunderbolt 3","
    
        
        
            Personal Computers
        
    
","$2,799.99",4.4 out of 5 stars,186
"Razer Blade 15 Advanced Gaming Laptop 2020: Intel Core i7-10875H 8-Core, NVIDIA GeForce RTX 2080 SUPER Max-Q, 15.6” FHD 300Hz, 16GB RAM, 1TB SSD, CNC Aluminum, Chroma RGB Lighting, Thunderbolt 3",,,4.4 out of 5 stars,186
"ASUS Chromebook Laptop- 14.0"" HD 180 Degree NanoEdge Display, Intel Dual Core Celeron N3350 Processor, 4GB RAM, 32GB eMMC Storage, USB Type-A and Type-C, Chrome OS- C423NA-DH02 Silver","
    
        
        
            Personal Computers
        
    
",$269.99,4.3 out of 5 stars,"1,421"
"ASUS Chromebook Laptop- 14.0"" HD 180 Degree NanoEdge Display, Intel Dual Core Celeron N3350 Processor, 4GB RAM, 32GB eMMC Storage, USB Type-A and Type-C, Chrome OS- C423NA-DH02 Silver",,,4.3 out of 5 stars,"1,421"
"2020 HP Pavilion x360 14"" FHD WLED Touchscreen 2-in-1 Convertible Laptop, Intel Core i5-1035G1 up to 3.6GHz, 8GB DDR4, 256GB SSD, 802.11ac, Bluetooth, Webcam, HDMI, Fingerprint Reader, Windows 10","
    
        
        
            Personal Computers
        
    
",$614.00,4.6 out of 5 stars,205
"2020 HP Pavilion x360 14"" FHD WLED Touchscreen 2-in-1 Convertible Laptop, Intel Core i5-1035G1 up to 3.6GHz, 8GB DDR4, 256GB SSD, 802.11ac, Bluetooth, Webcam, HDMI, Fingerprint Reader, Windows 10",,,4.6 out of 5 stars,205
"ASUS ROG GU502GW-AH76 Zephyrus M Thin and Portable Gaming Laptop, 15.6” 240Hz FHD IPS, NVIDIA GeForce RTX 2070, Intel Core i7-9750H, 16GB DDR4 RAM, 1TB PCIe SSD, Per-Key RGB, Windows 10 Home","
    
        
        
            Personal Computers
        
    
","$1,899.99",4.2 out of 5 stars,359
"ASUS ROG GU502GW-AH76 Zephyrus M Thin and Portable Gaming Laptop, 15.6” 240Hz FHD IPS, NVIDIA GeForce RTX 2070, Intel Core i7-9750H, 16GB DDR4 RAM, 1TB PCIe SSD, Per-Key RGB, Windows 10 Home",,,4.2 out of 5 stars,359
"LG Gram Laptop - 15.6"" IPS Touchscreen, Intel 10th Gen Core i7 1065G7 CPU, 16GB RAM, 1TB M.2 MVMe SSD (512GB x 2), 17 Hour Battery, Thunderbolt 3 - 15Z90N (2020), Model:15Z90N-R.AAS9U1","
    
        
        
            Personal Computers
        
    
","$1,599.99",4.4 out of 5 stars,73
"LG Gram Laptop - 15.6"" IPS Touchscreen, Intel 10th Gen Core i7 1065G7 CPU, 16GB RAM, 1TB M.2 MVMe SSD (512GB x 2), 17 Hour Battery, Thunderbolt 3 - 15Z90N (2020), Model:15Z90N-R.AAS9U1",,,4.4 out of 5 stars,73
"Dell G3 15 3500 15 Inch FHD with 144Hz Refresh Rate Gaming Laptop, Intel Core i7-10750H 10th Gen, 16GB DDR4 RAM, 512GB SSD, Nvidia Geforce RTX 2060 6GB GDDR6, Windows 10 Home Black","
    
        
        
            Personal Computers
        
    
","$1,300.00",4.4 out of 5 stars,90
"Dell G3 15 3500 15 Inch FHD with 144Hz Refresh Rate Gaming Laptop, Intel Core i7-10750H 10th Gen, 16GB DDR4 RAM, 512GB SSD, Nvidia Geforce RTX 2060 6GB GDDR6, Windows 10 Home Black",,,4.4 out of 5 stars,90
"ASUS Vivobook S15 S532 Thin & Light Laptop, 15.6” FHD, Intel Core i5-10210U CPU, 8GB DDR4 RAM, 512GB PCIe SSD, Windows 10 Home, Ir Camera, S532FA-DH55, Transparent Silver-Metal","
    
        
        
            Transparent Silver
        
    
",$769.99,4.5 out of 5 stars,123
"ASUS Vivobook S15 S532 Thin & Light Laptop, 15.6” FHD, Intel Core i5-10210U CPU, 8GB DDR4 RAM, 512GB PCIe SSD, Windows 10 Home, Ir Camera, S532FA-DH55, Transparent Silver-Metal",,,4.5 out of 5 stars,123
"New Alienware m15 R3 15.6inch FHD Gaming Laptop (Luna Light) Intel Core i7-10750H 10th Gen, 16GB DDR4 RAM, 512GB SSD, Nvidia GeForce RTX 2060 6GB GDDR6, Windows 10 Home (AWm15-7272WHT-PUS)","
    
        
        
            Personal Computers
        
    
","$1,760.00",4.2 out of 5 stars,20
"New Alienware m15 R3 15.6inch FHD Gaming Laptop (Luna Light) Intel Core i7-10750H 10th Gen, 16GB DDR4 RAM, 512GB SSD, Nvidia GeForce RTX 2060 6GB GDDR6, Windows 10 Home (AWm15-7272WHT-PUS)",,,4.2 out of 5 stars,20
"ASUS VivoBook S13 Thin and Light Laptop, 13.3” FHD Display, Intel Core i5-1035G1 CPU, 8GB LPDDR4X RAM, 512GB PCIe SSD, Windows 10 Home, Fingerprint Reader, Indie Black, S333JA-DS51","
    
        
        
            Indie Black
        
    
",$674.99,4.7 out of 5 stars,131
"ASUS VivoBook S13 Thin and Light Laptop, 13.3” FHD Display, Intel Core i5-1035G1 CPU, 8GB LPDDR4X RAM, 512GB PCIe SSD, Windows 10 Home, Fingerprint Reader, Indie Black, S333JA-DS51",,,4.7 out of 5 stars,131
"Lenovo Yoga C740-15.6"" FHD Touch - 10th gen i5-10210U - 12GB - 256GB SSD - Gray","
    
        
        
            Personal Computers
        
    
",$809.00,4.6 out of 5 stars,114
"Lenovo Yoga C740-15.6"" FHD Touch - 10th gen i5-10210U - 12GB - 256GB SSD - Gray",,,4.6 out of 5 stars,114
"Acer Aspire 3 Laptop, 15.6"" Full HD, 10th Gen Intel Core i5-1035G1, 8GB DDR4, 256GB NVMe SSD, Windows 10 Home, A315-56-594W","
    
        
        
            Personal Computers
        
    
",$518.00,4.3 out of 5 stars,44
"Acer Aspire 3 Laptop, 15.6"" Full HD, 10th Gen Intel Core i5-1035G1, 8GB DDR4, 256GB NVMe SSD, Windows 10 Home, A315-56-594W",,,4.3 out of 5 stars,44
"2020 HP 17.3"" Laptop Computer/ 8th Gen Intel Quad-Core i5-8265U Up to 3.9GHz/ 8GB DDR4 RAM/ 256GB PCIe SSD/ DVD/ Bluetooth 4.2/ USB 3.1/ HDMI/ Windows 10 Home/ Black","
    
        
        
            Personal Computers
        
    
",$899.00,4.5 out of 5 stars,581
"2020 HP 17.3"" Laptop Computer/ 8th Gen Intel Quad-Core i5-8265U Up to 3.9GHz/ 8GB DDR4 RAM/ 256GB PCIe SSD/ DVD/ Bluetooth 4.2/ USB 3.1/ HDMI/ Windows 10 Home/ Black",,,4.5 out of 5 stars,581
"Acer Aspire 5 A515-55-378V, 15.6"" Full HD Display, 10th Gen Intel Core i3-1005G1 Processor (Up to 3.4GHz), 4GB DDR4, 128GB NVMe SSD, WiFi 6, HD Webcam, Backlit Keyboard, Windows 10 in S Mode","
    
        
        
            Personal Computers
        
    
",$474.00,4.6 out of 5 stars,163
"Acer Aspire 5 A515-55-378V, 15.6"" Full HD Display, 10th Gen Intel Core i3-1005G1 Processor (Up to 3.4GHz), 4GB DDR4, 128GB NVMe SSD, WiFi 6, HD Webcam, Backlit Keyboard, Windows 10 in S Mode",,,4.6 out of 5 stars,163
"Asus X512DA-BTS2020RL 15.6"" Full HD Laptop – AMD Ryzen 5 - AMD Radeon Vega 8 - 512GB PCIe SSD – 8GB RAM","
    
        
        
            Personal Computers
        
    
",$549.00,4.7 out of 5 stars,20
"Asus X512DA-BTS2020RL 15.6"" Full HD Laptop – AMD Ryzen 5 - AMD Radeon Vega 8 - 512GB PCIe SSD – 8GB RAM",,,4.7 out of 5 stars,20
"Microsoft Surface Laptop 3 – 13.5"" Touch-Screen – Intel Core i5 - 8GB Memory - 128GB Solid State Drive (Latest Model) – Platinum with Alcantara","
    
        
        
            Platinum
        
    
",,4.5 out of 5 stars,"1,056"
"Microsoft Surface Laptop 3 – 13.5"" Touch-Screen – Intel Core i5 - 8GB Memory - 128GB Solid State Drive (Latest Model) – Platinum with Alcantara",,,4.5 out of 5 stars,"1,056"
"HP 15.6"" HD Intel 10th Gen i3-1005G1 3.4GHz 8GB RAM 256GB SSD Win 10 Laptop","
    
        
        
            Personal Computers
        
    
",,4.8 out of 5 stars,21
"HP 15.6"" HD Intel 10th Gen i3-1005G1 3.4GHz 8GB RAM 256GB SSD Win 10 Laptop",,,4.8 out of 5 stars,21
"Jumper Windows 10 Laptop, Traditional Laptop Computers 13.3'' Mini Laptop Intel N3350 4GB RAM 64GB ROM Laptops on sale Supports up to 256GB TF Card Expansion with Office 365 Personal for 1 Year","
    
        
        
            Misc.
        
    
",$259.00,3.9 out of 5 stars,"1,047"
"Jumper Windows 10 Laptop, Traditional Laptop Computers 13.3'' Mini Laptop Intel N3350 4GB RAM 64GB ROM Laptops on sale Supports up to 256GB TF Card Expansion with Office 365 Personal for 1 Year",,,3.9 out of 5 stars,"1,047"
"2020 ASUS VivoBook 15 15.6 Inch FHD 1080P Laptop (AMD Ryzen 3 3200U up to 3.5GHz, 16GB DDR4 RAM, 256GB SSD, AMD Radeon Vega 3, Backlit Keyboard, FP Reader, WiFi, Bluetooth, HDMI, Windows 10) (Grey)","
    
        
        
            Personal Computers
        
    
",$570.00,4.4 out of 5 stars,254
"2020 ASUS VivoBook 15 15.6 Inch FHD 1080P Laptop (AMD Ryzen 3 3200U up to 3.5GHz, 16GB DDR4 RAM, 256GB SSD, AMD Radeon Vega 3, Backlit Keyboard, FP Reader, WiFi, Bluetooth, HDMI, Windows 10) (Grey)",,,4.4 out of 5 stars,254
"Apple MacBook Air MJVE2LL/A 13-inch Laptop 1.6GHz Core i5, 8GB RAM, 128GB SSD (Renewed)","
    
        
        
            Personal Computers
        
    
",$564.95,4.2 out of 5 stars,606
"Apple MacBook Air MJVE2LL/A 13-inch Laptop 1.6GHz Core i5, 8GB RAM, 128GB SSD (Renewed)",,,4.2 out of 5 stars,606
"HP Stream Laptop PC 11.6"" Intel N4000 Quad Core 4GB DDR4 SDRAM 32GB eMMC Includes Office 365 Personal for One Year","
    
        
        
            White
        
    
",$264.90,4.0 out of 5 stars,53
"HP Stream Laptop PC 11.6"" Intel N4000 Quad Core 4GB DDR4 SDRAM 32GB eMMC Includes Office 365 Personal for One Year",,,4.0 out of 5 stars,53
"Acer Nitro 5 AN515-54-51M5-15.6"" - i5-9300H - NVIDIA GTX 1650-8GB - 1TB HDD+128GB SSD, Black","
    
        
        
            Personal Computers
        
    
",$789.00,4.8 out of 5 stars,268
"Acer Nitro 5 AN515-54-51M5-15.6"" - i5-9300H - NVIDIA GTX 1650-8GB - 1TB HDD+128GB SSD, Black",,,4.8 out of 5 stars,268
"HP Chromebook 14 - 14"" HD Non-Touch Intel Pentium Silver N5000, Intel UHD Graphics 605, 4GB RAM, 64GB eMMC, WiFi, Bluetooth, Audio by B&O, Chrome OS (Renewed)","
    
        
        
            sliver
        
    
",$246.00,4.4 out of 5 stars,74
"HP Chromebook 14 - 14"" HD Non-Touch Intel Pentium Silver N5000, Intel UHD Graphics 605, 4GB RAM, 64GB eMMC, WiFi, Bluetooth, Audio by B&O, Chrome OS (Renewed)",,,4.4 out of 5 stars,74
"Evoo Gaming 15.6” Laptop, FHD, 120Hz, AMD Ryzen 7 4800H Processor, NVIDIA GeForce RTX 2060, THX Spatial Audio, 512GB SSD, 16GB RAM, RGB Backlit Keyboard, HD Camera, Windows 10 Home, Black (EG-LP7-BK)","
    
        
        
            Personal Computers
        
    
","$1,019.99",4.2 out of 5 stars,4
"Evoo Gaming 15.6” Laptop, FHD, 120Hz, AMD Ryzen 7 4800H Processor, NVIDIA GeForce RTX 2060, THX Spatial Audio, 512GB SSD, 16GB RAM, RGB Backlit Keyboard, HD Camera, Windows 10 Home, Black (EG-LP7-BK)",,,4.2 out of 5 stars,4
"Apple MacBook Air MJVM2LL/A 11.6-Inch laptop(1.6 GHz Intel i5, 128 GB SSD, Integrated Intel HD Graphics 6000, Mac OS X Yosemite (Renewed)","
    
        
        
            Personal Computers
        
    
",$505.00,4.3 out of 5 stars,"1,868"
"Apple MacBook Air MJVM2LL/A 11.6-Inch laptop(1.6 GHz Intel i5, 128 GB SSD, Integrated Intel HD Graphics 6000, Mac OS X Yosemite (Renewed)",,,4.3 out of 5 stars,"1,868"
"Evoo 14.1” Ultra Slim Notebook - Elite Series, FHD Display, AMD Ryzen 5 3500U Processor with Radeon Vega 8 Graphics, 8GB RAM, 256GB SSD, HD Webcam, Windows 10 Home, Silver, EVC141-12SL","
    
        
        
            Personal Computers
        
    
",$449.99,5.0 out of 5 stars,3
"Evoo 14.1” Ultra Slim Notebook - Elite Series, FHD Display, AMD Ryzen 5 3500U Processor with Radeon Vega 8 Graphics, 8GB RAM, 256GB SSD, HD Webcam, Windows 10 Home, Silver, EVC141-12SL",,,5.0 out of 5 stars,3
"14.1"" Full HD Windows Laptop PC (Windows 10, 4GB RAM, Dual Band 5GHz WiFi (2X WiFi Speeds), T90B Pro Model, Lapbook, Intel Quad-Core, USB 3.0, Bluetooth, Laptop Compute (64GB)","
    
        
        
            Personal Computers
        
    
",$259.95,3.8 out of 5 stars,"1,687"
"14.1"" Full HD Windows Laptop PC (Windows 10, 4GB RAM, Dual Band 5GHz WiFi (2X WiFi Speeds), T90B Pro Model, Lapbook, Intel Quad-Core, USB 3.0, Bluetooth, Laptop Compute (64GB)",,,3.8 out of 5 stars,"1,687"
"HP 15.6in Laptop (Intel Pentium Quad-Core N5000, 4GB RAM, 128GB SSD, HDMI, WiFi, Bluetooth, HD Webcam, Windows 10 S) (Renewed)","
    
        
        
            Red
        
    
",$334.00,4.4 out of 5 stars,169
"HP 15.6in Laptop (Intel Pentium Quad-Core N5000, 4GB RAM, 128GB SSD, HDMI, WiFi, Bluetooth, HD Webcam, Windows 10 S) (Renewed)",,,4.4 out of 5 stars,169
"2020 HP 17.3"" HD+ Premium Laptop Computer, AMD Ryzen 5 3500U Quad-Core Up to 3.7GHz, 12GB DDR4 RAM, 256GB SSD, DVDRW, AMD Radeon Vega 8, 802.11ac WiFi, Bluetooth 4.2, USB 3.1, HDMI, Black, Windows 10","
    
        
        
            Personal Computers
        
    
",$799.00,4.5 out of 5 stars,100
"2020 HP 17.3"" HD+ Premium Laptop Computer, AMD Ryzen 5 3500U Quad-Core Up to 3.7GHz, 12GB DDR4 RAM, 256GB SSD, DVDRW, AMD Radeon Vega 8, 802.11ac WiFi, Bluetooth 4.2, USB 3.1, HDMI, Black, Windows 10",,,4.5 out of 5 stars,100
"Samsung Galaxy Book Flex 13.3” Laptop|QLED Display and Intel Core i7 Processor|8GB Memory|512GB SSD|Long Battery Life and Bluetooth-Enabled S Pen|(NP930QCG-K01US),Royal Blue","
    
        
        
            Personal Computers
        
    
","$1,099.00",4.6 out of 5 stars,113
"Samsung Galaxy Book Flex 13.3” Laptop|QLED Display and Intel Core i7 Processor|8GB Memory|512GB SSD|Long Battery Life and Bluetooth-Enabled S Pen|(NP930QCG-K01US),Royal Blue",,,4.6 out of 5 stars,113
"Newest HP 14"" HD WLED Backlit High Performance Business Laptop, AMD Athlon Silver 3050U up to 3.2GHz, 4GB DDR4, 128GB SSD, Wireless-AC, HDMI, Bluetooth, Webcam, SD Card Reader, Windows 10 S","
    
        
        
            Personal Computers
        
    
",$350.00,4.4 out of 5 stars,669
"Newest HP 14"" HD WLED Backlit High Performance Business Laptop, AMD Athlon Silver 3050U up to 3.2GHz, 4GB DDR4, 128GB SSD, Wireless-AC, HDMI, Bluetooth, Webcam, SD Card Reader, Windows 10 S",,,4.4 out of 5 stars,669
"ASUS TUF VR Ready Gaming Laptop, 15.6"" IPS FHD, AMD Ryzen 7-4800H Octa-Core up to 4.20 GHz, NVIDIA RTX 2060, 8GB RAM, 512GB SSD, RGB Backlit KB, RJ-45 Ethernet, Win 10","
    
        
        
            Personal Computers
        
    
","$1,015.00",4.5 out of 5 stars,206
"ASUS TUF VR Ready Gaming Laptop, 15.6"" IPS FHD, AMD Ryzen 7-4800H Octa-Core up to 4.20 GHz, NVIDIA RTX 2060, 8GB RAM, 512GB SSD, RGB Backlit KB, RJ-45 Ethernet, Win 10",,,4.5 out of 5 stars,206
"SAMSUNG 11.6"" Chromebook with Intel N3060 up to 2.48GHz, 4GB Memory, 16GB eMMC Flash Memory, Bluetooth 4.0, USB 3.0, HDMI, Webcam, Chrome Operating System, Black","
    
        
        
            Personal Computers
        
    
",$273.99,4.5 out of 5 stars,"2,384"
"SAMSUNG 11.6"" Chromebook with Intel N3060 up to 2.48GHz, 4GB Memory, 16GB eMMC Flash Memory, Bluetooth 4.0, USB 3.0, HDMI, Webcam, Chrome Operating System, Black",,,4.5 out of 5 stars,"2,384"
"ASUS ROG Zephyrus G14 14"" VR Ready 120Hz FHD Gaming Laptop,8Core AMD Ryzen 9 4900HS(Beat i7-10750H),16GB RAM,1TB PCIe SSD,Backlight,Wi-Fi 6,USB C,NVIDIA GeForce RTX2060 Max-Q,Win10 (Moonlight White)","
    
        
        
            Moonlight White
        
    
","$1,449.99",4.5 out of 5 stars,30
"ASUS ROG Zephyrus G14 14"" VR Ready 120Hz FHD Gaming Laptop,8Core AMD Ryzen 9 4900HS(Beat i7-10750H),16GB RAM,1TB PCIe SSD,Backlight,Wi-Fi 6,USB C,NVIDIA GeForce RTX2060 Max-Q,Win10 (Moonlight White)",,,4.5 out of 5 stars,30
"Acer Chromebook 315 15.6"" Intel Celeron N4000 1.1GHz 4GB Ram 32GB Flash ChromeOS (Renewed)","
    
        
        
            Personal Computers
        
    
",,4.6 out of 5 stars,111
"Acer Chromebook 315 15.6"" Intel Celeron N4000 1.1GHz 4GB Ram 32GB Flash ChromeOS (Renewed)",,,4.6 out of 5 stars,111
"HP Stream 14-Inch Laptop, Intel Celeron N4000, 4 GB RAM, 64 GB eMMC, Windows 10 Home in S Mode (14-cb159nr, Jet Black)","
    
        
        
            Personal Computers
        
    
",$309.99,4.4 out of 5 stars,"1,985"
"HP Stream 14-Inch Laptop, Intel Celeron N4000, 4 GB RAM, 64 GB eMMC, Windows 10 Home in S Mode (14-cb159nr, Jet Black)",,,4.4 out of 5 stars,"1,985"
"HP - 11.6"" Chromebook - Intel Celeron - 4GB Memory - 32GB eMMC Flash Memory - Ash Gray","
    
        
        
            Personal Computers
        
    
",$219.00,4.7 out of 5 stars,81
"HP - 11.6"" Chromebook - Intel Celeron - 4GB Memory - 32GB eMMC Flash Memory - Ash Gray",,,4.7 out of 5 stars,81
"2020 Lenovo Yoga C740 2-in-1 14"" Full HD 1080p Touchscreen Laptop PC, Intel Core i5-10210U Quad Core Processor, 8GB DDR4 RAM, 256GB SSD, Backlit Keyboard, Webcam, WiFi, Bluetooth, Windows 10, Mica","
    
        
        
            Personal Computers
        
    
",$655.00,5.0 out of 5 stars,3
"2020 Lenovo Yoga C740 2-in-1 14"" Full HD 1080p Touchscreen Laptop PC, Intel Core i5-10210U Quad Core Processor, 8GB DDR4 RAM, 256GB SSD, Backlit Keyboard, Webcam, WiFi, Bluetooth, Windows 10, Mica",,,5.0 out of 5 stars,3
"Dell Latitude E7470 14in Laptop, Core i5-6300U 2.4GHz, 8GB Ram, 256GB SSD, Windows 10 Pro 64bit (Renewed)","
    
        
        
            Personal Computers
        
    
",$449.99,4.4 out of 5 stars,292
"Dell Latitude E7470 14in Laptop, Core i5-6300U 2.4GHz, 8GB Ram, 256GB SSD, Windows 10 Pro 64bit (Renewed)",,,4.4 out of 5 stars,292
"Lenovo Chromebook Duet, 2-in-1, 10.1"" WUXGA (1920 x 1200) Display, MediaTek Helio P60T, 4GB LPDDR4X RAM, 128GB eMCP SSD, Integrated ARM G72 MP3 Graphics, Chrome OS, ZA6F0031US, Ice Blue + Iron Grey","
    
        
        
            Personal Computers
        
    
",$294.99,4.7 out of 5 stars,37
"Lenovo Chromebook Duet, 2-in-1, 10.1"" WUXGA (1920 x 1200) Display, MediaTek Helio P60T, 4GB LPDDR4X RAM, 128GB eMCP SSD, Integrated ARM G72 MP3 Graphics, Chrome OS, ZA6F0031US, Ice Blue + Iron Grey",,,4.7 out of 5 stars,37
"HP 14"" Touchscreen Home and Business Laptop Ryzen 3-3200U, 8GB RAM, 128GB M.2 SSD, Dual-Core up to 3.50 GHz, Vega 3 Graphics, RJ-45, USB-C, 4K Output HDMI, Bluetooth, Webcam, 1366x768, Win 10","
    
        
        
            Personal Computers
        
    
",$516.90,4.5 out of 5 stars,983
"HP 14"" Touchscreen Home and Business Laptop Ryzen 3-3200U, 8GB RAM, 128GB M.2 SSD, Dual-Core up to 3.50 GHz, Vega 3 Graphics, RJ-45, USB-C, 4K Output HDMI, Bluetooth, Webcam, 1366x768, Win 10",,,4.5 out of 5 stars,983
"ASUS ZenBook 14 Ultra-Slim Laptop 14” Full HD NanoEdge Bezel Display, Intel Core i5-1035G1, 8GB RAM, 512GB PCIe SSD, NumberPad, Thunderbolt 3, Windows 10 Home, Pine Grey, UX425JA-EB51","
    
        
        
            Personal Computers
        
    
",$749.00,4.4 out of 5 stars,67
"ASUS ZenBook 14 Ultra-Slim Laptop 14” Full HD NanoEdge Bezel Display, Intel Core i5-1035G1, 8GB RAM, 512GB PCIe SSD, NumberPad, Thunderbolt 3, Windows 10 Home, Pine Grey, UX425JA-EB51",,,4.4 out of 5 stars,67
Apple MacBook Air MD711LL/A 11.6-inch Laptop - Intel Core i5 1.3GHz - 4GB RAM - 128GB SSD (Renewed),"
    
        
        
            Personal Computers
        
    
",$498.99,4.3 out of 5 stars,395
Apple MacBook Air MD711LL/A 11.6-inch Laptop - Intel Core i5 1.3GHz - 4GB RAM - 128GB SSD (Renewed),,,4.3 out of 5 stars,395
"HP Pavilion x360 14"" FHD WLED Touchscreen 2-in-1 Convertible Laptop, Intel Quad-Core i5-8250U 1.60GHz up to 3.4GHz, 8GB DDR4, 256GB SSD, WiFi, Bluetooth, Webcam, HDMI, Fingerprint Reader, Windows 10","
    
        
        
            Personal Computers
        
    
",$678.00,4.4 out of 5 stars,173
"HP Pavilion x360 14"" FHD WLED Touchscreen 2-in-1 Convertible Laptop, Intel Quad-Core i5-8250U 1.60GHz up to 3.4GHz, 8GB DDR4, 256GB SSD, WiFi, Bluetooth, Webcam, HDMI, Fingerprint Reader, Windows 10",,,4.4 out of 5 stars,173
"HP 2020 Newest Pavilion X360 2-in-1 Convertible 14"" HD Touch-Screen Laptop, 10th Gen Intel Core i3-1005G1, 8GB Ram, 128GB Ssd, Wifi, Webcam, Win 10 S","
    
        
        
            Personal Computers
        
    
",$498.90,4.5 out of 5 stars,85
"HP 2020 Newest Pavilion X360 2-in-1 Convertible 14"" HD Touch-Screen Laptop, 10th Gen Intel Core i3-1005G1, 8GB Ram, 128GB Ssd, Wifi, Webcam, Win 10 S",,,4.5 out of 5 stars,85
"2019 New Dell Inspiron 17 PC Laptop: 17.3 Inch FHD(1980x1080) Non-Touch IPS Display, Intel CPU-i3-7020u, 8GB RAM, 1TB HDD, WiFi, Bluetooth, HDMI, Webcam, DVDRW, Windows 10","
    
        
        
            Personal Computers
        
    
",$640.00,4.1 out of 5 stars,124
"2019 New Dell Inspiron 17 PC Laptop: 17.3 Inch FHD(1980x1080) Non-Touch IPS Display, Intel CPU-i3-7020u, 8GB RAM, 1TB HDD, WiFi, Bluetooth, HDMI, Webcam, DVDRW, Windows 10",,,4.1 out of 5 stars,124
"ASUS - ROG Zephyrus G14 14"" Gaming Laptop - AMD Ryzen 9 - 16GB Memory - NVIDIA GeForce RTX 2060 - 1TB SSD - Moonlight White","
    
        
        
            Personal Computers
        
    
",,4.7 out of 5 stars,25
"ASUS - ROG Zephyrus G14 14"" Gaming Laptop - AMD Ryzen 9 - 16GB Memory - NVIDIA GeForce RTX 2060 - 1TB SSD - Moonlight White",,,4.7 out of 5 stars,25
"Dell Inspiron 13 2-in-1 7391-13.3"" 4K Touch - 10th gen i7-10510U - 16GB - 512GB SSD","
    
        
        
            Personal Computers
        
    
",$980.00,4.5 out of 5 stars,29
"Dell Inspiron 13 2-in-1 7391-13.3"" 4K Touch - 10th gen i7-10510U - 16GB - 512GB SSD",,,4.5 out of 5 stars,29
"ASUS ROG Strix G17 (2020) Gaming Laptop, 17.3” 144Hz FHD IPS Type Display, NVIDIA GeForce RTX 2070, Intel Core i7-10750H, 16GB DDR4, 512GB PCIe NVMe SSD, RGB Keyboard, Windows 10, Black, G712LW-ES74","
    
        
        
            Personal Computers
        
    
","$1,590.99",4.7 out of 5 stars,55
"ASUS ROG Strix G17 (2020) Gaming Laptop, 17.3” 144Hz FHD IPS Type Display, NVIDIA GeForce RTX 2070, Intel Core i7-10750H, 16GB DDR4, 512GB PCIe NVMe SSD, RGB Keyboard, Windows 10, Black, G712LW-ES74",,,4.7 out of 5 stars,55
"Acer Flagship CB3-532 15.6inch HD Premium Chromebook - Intel Dual-Core Celeron N3060 up to 2.48GH.z, 2GB RAM, 16GB SSD, Wireless AC, HDMI, USB 3.0, Webcam, Chrome OS (Renewed)","
    
        
        
            Personal Computers
        
    
",$249.00,4.3 out of 5 stars,"4,932"
"Acer Flagship CB3-532 15.6inch HD Premium Chromebook - Intel Dual-Core Celeron N3060 up to 2.48GH.z, 2GB RAM, 16GB SSD, Wireless AC, HDMI, USB 3.0, Webcam, Chrome OS (Renewed)",,,4.3 out of 5 stars,"4,932"
"ASUS VivoBook 15.6” FHD Laptop, AMD Quad Core R5-3500U, GeForce GTX 1050 Graphics, 8GB DDR4 RAM, 512GB PCIe SSD, Windows 10 Home, Wi-Fi 5, Fingerprint, Backlit KB, Black, M570DD-DS55","
    
        
        
            Personal Computers
        
    
",,4.4 out of 5 stars,71
"ASUS VivoBook 15.6” FHD Laptop, AMD Quad Core R5-3500U, GeForce GTX 1050 Graphics, 8GB DDR4 RAM, 512GB PCIe SSD, Windows 10 Home, Wi-Fi 5, Fingerprint, Backlit KB, Black, M570DD-DS55",,,4.4 out of 5 stars,71
"Dell XPS7390 13"" InfinityEdge Touchscreen Laptop, Newest 10th Gen Intel i5-10210U, 8GB RAM, 256GB SSD, Windows 10 Home","
    
        
        
            FHD, 256GB, 8GB RAM, i5-10210U, WIN 10 HOME
        
    
",$857.00,4.5 out of 5 stars,21
"Dell XPS7390 13"" InfinityEdge Touchscreen Laptop, Newest 10th Gen Intel i5-10210U, 8GB RAM, 256GB SSD, Windows 10 Home",,,4.5 out of 5 stars,21
"HP 15-cs3019nr Pavilion 15.6-Inch Laptop, Intel Core i7 (Mineral Silver)","
    
        
        
            Personal Computers
        
    
","$1,028.00",4.5 out of 5 stars,398
"HP 15-cs3019nr Pavilion 15.6-Inch Laptop, Intel Core i7 (Mineral Silver)",,,4.5 out of 5 stars,398
"2020 Newest HP ENVY x360 2-in-1 Laptop, 15.6"" Full HD Touchscreen, AMD Ryzen 5 4500U Processor up to 4.0GHz, 8GB Memory, 256GB PCIe SSD, Backlit Keyboard, HDMI, Wi-Fi, Windows 10 Home, Nightfall Black","
    
        
        
            Personal Computers
        
    
",,4.3 out of 5 stars,277
"2020 Newest HP ENVY x360 2-in-1 Laptop, 15.6"" Full HD Touchscreen, AMD Ryzen 5 4500U Processor up to 4.0GHz, 8GB Memory, 256GB PCIe SSD, Backlit Keyboard, HDMI, Wi-Fi, Windows 10 Home, Nightfall Black",,,4.3 out of 5 stars,277
"2020 HP Laptop, 17.3"" HD+ Screen, 10th Gen Intel Core i5-1035G1 Quad-Core Processor up to 3.60GHz, 8GB DDR4 RAM, 256GB PCIe NVMe M.2 SSD, DVD-RW, HDMI, Wireless-AC, Bluetooth, Windows 10 Home, Black","
    
        
        
            Personal Computers
        
    
",,4.4 out of 5 stars,144
"2020 HP Laptop, 17.3"" HD+ Screen, 10th Gen Intel Core i5-1035G1 Quad-Core Processor up to 3.60GHz, 8GB DDR4 RAM, 256GB PCIe NVMe M.2 SSD, DVD-RW, HDMI, Wireless-AC, Bluetooth, Windows 10 Home, Black",,,4.4 out of 5 stars,144
"HP Chromebook 11 G4 11.6 Inch Laptop (Intel N2840 Dual-Core, 2GB RAM, 16GB Flash SSD, Chrome OS), Black (Renewed)","
    
        
        
            Personal Computers
        
    
",$210.00,4.1 out of 5 stars,572
"HP Chromebook 11 G4 11.6 Inch Laptop (Intel N2840 Dual-Core, 2GB RAM, 16GB Flash SSD, Chrome OS), Black (Renewed)",,,4.1 out of 5 stars,572
"Asus ZenBook 14 Ultra-Slim Laptop 14” Full HD NanoEdge Bezel, Intel Core i7-10510U, 16GB RAM, 512GB PCIe SSD, GeForce MX250, Innovative Screenpad 2.0, Windows 10 Pro, UX434FLC-XH77, Royal Blue","
    
        
        
            Personal Computers
        
    
","$1,149.00",4.4 out of 5 stars,187
"Asus ZenBook 14 Ultra-Slim Laptop 14” Full HD NanoEdge Bezel, Intel Core i7-10510U, 16GB RAM, 512GB PCIe SSD, GeForce MX250, Innovative Screenpad 2.0, Windows 10 Pro, UX434FLC-XH77, Royal Blue",,,4.4 out of 5 stars,187
"OMEN 15 Gaming Laptop, NVIDIA GeForce GTX 1660 Ti, Intel Core i7-10750H, 8 GB DDR4 RAM, 512 GB PCIe NVMe SSD, 15.6"" Full HD, Windows 10 Home, RGB Keyboard (15-dh1020nr, 2020 Model)","
    
        
        
            Personal Computers
        
    
",,4.6 out of 5 stars,6
"OMEN 15 Gaming Laptop, NVIDIA GeForce GTX 1660 Ti, Intel Core i7-10750H, 8 GB DDR4 RAM, 512 GB PCIe NVMe SSD, 15.6"" Full HD, Windows 10 Home, RGB Keyboard (15-dh1020nr, 2020 Model)",,,4.6 out of 5 stars,6
"ASUS VivoBook Flip Thin and Light 2-in-1 Laptop - 11.6"" HD Touchscreen, Intel Dual-Core Celeron N3350 Processor, 4GB RAM, 64GB eMMC Storage, Windows 10 in S Mode, Office 365 - J202NA-DH01T","
    
        
        
            Personal Computers
        
    
",$326.90,4.2 out of 5 stars,721
"ASUS VivoBook Flip Thin and Light 2-in-1 Laptop - 11.6"" HD Touchscreen, Intel Dual-Core Celeron N3350 Processor, 4GB RAM, 64GB eMMC Storage, Windows 10 in S Mode, Office 365 - J202NA-DH01T",,,4.2 out of 5 stars,721
"Lenovo ThinkPad E15 15.6” Full HD IPS 1920 x 1080 Laptop, Core i5-10210U, 256 GB SSD, 8GB Ram, Win 10 Pro 64-bit","
    
        
        
            Personal Computers
        
    
",,4.5 out of 5 stars,5
"Lenovo ThinkPad E15 15.6” Full HD IPS 1920 x 1080 Laptop, Core i5-10210U, 256 GB SSD, 8GB Ram, Win 10 Pro 64-bit",,,4.5 out of 5 stars,5
"Acer Predator Helios 300 Gaming Laptop, Intel i7-10750H, NVIDIA GeForce RTX 2070 Max-Q 8GB, 15.6"" FHD 240Hz 3ms IPS Display, 16GB Dual-Channel DDR4, 512GB NVMe SSD, WiFi 6, RGB Keyboard, PH315-53-71QX","
    
        
        
            Personal Computers
        
    
","$1,399.99",4.7 out of 5 stars,13
"Acer Predator Helios 300 Gaming Laptop, Intel i7-10750H, NVIDIA GeForce RTX 2070 Max-Q 8GB, 15.6"" FHD 240Hz 3ms IPS Display, 16GB Dual-Channel DDR4, 512GB NVMe SSD, WiFi 6, RGB Keyboard, PH315-53-71QX",,,4.7 out of 5 stars,13
"Dell Chromebook 3120 Intel celeron n2840 2.16Hgz, 16GB Storage 4gb Ram (Renewed)","
    
        
        
            Personal Computers
        
    
",$179.99,4.2 out of 5 stars,"2,183"
"Dell Chromebook 3120 Intel celeron n2840 2.16Hgz, 16GB Storage 4gb Ram (Renewed)",,,4.2 out of 5 stars,"2,183"
"2020 ASUS VivoBook 15 15.6 Inch FHD 1080P Laptop (AMD Ryzen 3 3200U up to 3.5GHz, 8GB DDR4 RAM, 256GB SSD, AMD Radeon Vega 3, Backlit Keyboard, FP Reader, WiFi, Bluetooth, HDMI, Windows 10) (Grey)","
    
        
        
            Personal Computers
        
    
",,4.5 out of 5 stars,197
"2020 ASUS VivoBook 15 15.6 Inch FHD 1080P Laptop (AMD Ryzen 3 3200U up to 3.5GHz, 8GB DDR4 RAM, 256GB SSD, AMD Radeon Vega 3, Backlit Keyboard, FP Reader, WiFi, Bluetooth, HDMI, Windows 10) (Grey)",,,4.5 out of 5 stars,197
"LG Gram 2-in-1 Convertible Laptop: 14"" Full HD IPS Touchscreen Display, Intel 10th Gen Core i7-10510U CPU, 16GB RAM, 1TB (512GB x 2) M.2 MVMe SSD, Thunderbolt 3, 20.5 Hour Battery 14T90N (2020)","
    
        
        
            Personal Computers
        
    
","$1,299.80",4.4 out of 5 stars,86
"LG Gram 2-in-1 Convertible Laptop: 14"" Full HD IPS Touchscreen Display, Intel 10th Gen Core i7-10510U CPU, 16GB RAM, 1TB (512GB x 2) M.2 MVMe SSD, Thunderbolt 3, 20.5 Hour Battery 14T90N (2020)",,,4.4 out of 5 stars,86
"HP Pavilion Gaming 15-Inch Micro-EDGE Laptop, Intel Core i5-9300H Processor, NVIDIA GeForce GTX 1650 (4 GB), 8 GB SDRAM, 256 GB SSD, Windows 10 Home (15-dk0020nr, Shadow Black/Acid Green)","
    
        
        
            Personal Computers
        
    
",$719.99,4.6 out of 5 stars,252
"HP Pavilion Gaming 15-Inch Micro-EDGE Laptop, Intel Core i5-9300H Processor, NVIDIA GeForce GTX 1650 (4 GB), 8 GB SDRAM, 256 GB SSD, Windows 10 Home (15-dk0020nr, Shadow Black/Acid Green)",,,4.6 out of 5 stars,252
"HP 15-inch Touchscreen Laptop, AMD Athlon Gold 3150U, 4 GB RAM, 128 GB SSD, Windows 10 Home in S Mode (15-ef1010nr, Natural Silver)","
    
        
        
            Personal Computers
        
    
",,4.6 out of 5 stars,121
"HP 15-inch Touchscreen Laptop, AMD Athlon Gold 3150U, 4 GB RAM, 128 GB SSD, Windows 10 Home in S Mode (15-ef1010nr, Natural Silver)",,,4.6 out of 5 stars,121
"HP 15.6in Laptop (Intel Pentium Quad-Core N5000, 4GB RAM, 500GB Hard Drive, HDMI, WiFi, Bluetooth, HD Webcam, Windows 10 S) (Renewed)","
    
        
        
            Personal Computers
        
    
",$329.00,4.2 out of 5 stars,91
"HP 15.6in Laptop (Intel Pentium Quad-Core N5000, 4GB RAM, 500GB Hard Drive, HDMI, WiFi, Bluetooth, HD Webcam, Windows 10 S) (Renewed)",,,4.2 out of 5 stars,91
"New Alienware m17 R3 17.3 inch FHD Gaming Laptop (Luna Light) Intel Core i7-10750H 10th Gen, 16GB DDR4 RAM, 1TB SSD, Nvidia Geforce RTX 2070 8GB GDDR6, Windows 10 Home","
    
        
        
            Personal Computers
        
    
","$1,940.00",4.4 out of 5 stars,72
"New Alienware m17 R3 17.3 inch FHD Gaming Laptop (Luna Light) Intel Core i7-10750H 10th Gen, 16GB DDR4 RAM, 1TB SSD, Nvidia Geforce RTX 2070 8GB GDDR6, Windows 10 Home",,,4.4 out of 5 stars,72
"2019 Newest HP 14"" Lightweight Chromebook-AMD A4-Series Processor, 4GB LPDDR4 RAM, 32GB SSD, WiFi, Chrome OS","
    
        
        
            Personal Computers
        
    
",$262.99,4.5 out of 5 stars,783
"2019 Newest HP 14"" Lightweight Chromebook-AMD A4-Series Processor, 4GB LPDDR4 RAM, 32GB SSD, WiFi, Chrome OS",,,4.5 out of 5 stars,783
"Lenovo 2-in-1 Convertible Laptop, 14inch FHD (1920X 1080) Touchscreen, Intel Pentium Gold 5405U 2.30GHz, 4GB DDR4 RAM, 128GB NVMe SSD, WiFi, HDMI, Windows 10- (Renewed)","
    
        
        
            Personal Computers
        
    
",$409.00,4.4 out of 5 stars,135
"Lenovo 2-in-1 Convertible Laptop, 14inch FHD (1920X 1080) Touchscreen, Intel Pentium Gold 5405U 2.30GHz, 4GB DDR4 RAM, 128GB NVMe SSD, WiFi, HDMI, Windows 10- (Renewed)",,,4.4 out of 5 stars,135
"HP Chromebook X360 12-Inch HD+ Touchscreen Laptop, Intel Celeron N4000, 4. GB SDRAM, 32 GB eMMC, Chrome (12b-ca0010nr, Ceramic White)","
    
        
        
            Personal Computers
        
    
",$349.00,4.5 out of 5 stars,85
"HP Chromebook X360 12-Inch HD+ Touchscreen Laptop, Intel Celeron N4000, 4. GB SDRAM, 32 GB eMMC, Chrome (12b-ca0010nr, Ceramic White)",,,4.5 out of 5 stars,85
"2020 HP Envy 13.3"" 4K Ultra HD Touch-Screen Laptop 10th Gen Intel i7-1065G7 8GB DDR4 Memory 512GB SSD WiFi 6 Bluetooth 5.0 Weigh 2.6 lbs. Natural Silver","
    
        
        
            Personal Computers
        
    
",$868.00,4.5 out of 5 stars,73
"2020 HP Envy 13.3"" 4K Ultra HD Touch-Screen Laptop 10th Gen Intel i7-1065G7 8GB DDR4 Memory 512GB SSD WiFi 6 Bluetooth 5.0 Weigh 2.6 lbs. Natural Silver",,,4.5 out of 5 stars,73
"MSI GS75 Stealth 10SF-609 17.3"" 240Hz Ultra Thin and Light Gaming Laptop Intel Core i7-10875H RTX2070 32GB 512GB NVMe SSD Win10PRO VR Ready","
    
        
        
            Personal Computers
        
    
","$1,849.00",4.3 out of 5 stars,80
"MSI GS75 Stealth 10SF-609 17.3"" 240Hz Ultra Thin and Light Gaming Laptop Intel Core i7-10875H RTX2070 32GB 512GB NVMe SSD Win10PRO VR Ready",,,4.3 out of 5 stars,80
"ASUS Chromebook Flip C214 2-In-1 Laptop- 11.6” Ruggedized and Spill Resistant 360 Degree Touchscreen, Intel Celeron N4000, 4GB LPDDR4 RAM, 32GB Storage, HD 5M Pixel Camera, Chrome OS- C214MA-YS02T","
    
        
        
            Personal Computers
        
    
",$388.98,4.4 out of 5 stars,179
"ASUS Chromebook Flip C214 2-In-1 Laptop- 11.6” Ruggedized and Spill Resistant 360 Degree Touchscreen, Intel Celeron N4000, 4GB LPDDR4 RAM, 32GB Storage, HD 5M Pixel Camera, Chrome OS- C214MA-YS02T",,,4.4 out of 5 stars,179
"HP - Envy x360 2-in-1 15.6"" Touch-Screen Laptop - Intel Core i5 - 8GB Memory - 256GB SSD - Natural Silver","
    
        
        
            Personal Computers
        
    
",$785.00,4.5 out of 5 stars,51
"HP - Envy x360 2-in-1 15.6"" Touch-Screen Laptop - Intel Core i5 - 8GB Memory - 256GB SSD - Natural Silver",,,4.5 out of 5 stars,51
"Lenovo IdeaPad Flex 5 14"" Convertible Laptop, FHD (1920 x 1080) Touch Display, Intel Core i5-1035G1 Processor, 8GB DDR4 Onboard RAM, 128GB SSD, Intel UHD Graphics, Win 10, 81X1004RUS, Graphite Grey","
    
        
        
            Personal Computers
        
    
",$663.72,4.6 out of 5 stars,107
"Lenovo IdeaPad Flex 5 14"" Convertible Laptop, FHD (1920 x 1080) Touch Display, Intel Core i5-1035G1 Processor, 8GB DDR4 Onboard RAM, 128GB SSD, Intel UHD Graphics, Win 10, 81X1004RUS, Graphite Grey",,,4.6 out of 5 stars,107
"ASUS ROG Strix Scar 15 (2020) Gaming Laptop, 15.6” 240Hz IPS Type FHD, NVIDIA GeForce RTX 2070 Super, Intel Core i7-10875H, 16GB DDR4, 1TB PCIe NVMe SSD, Per-Key RGB KB, Windows 10, G532LWS-DS76","
    
        
        
            Personal Computers
        
    
","$1,999.00",4.3 out of 5 stars,119
"ASUS ROG Strix Scar 15 (2020) Gaming Laptop, 15.6” 240Hz IPS Type FHD, NVIDIA GeForce RTX 2070 Super, Intel Core i7-10875H, 16GB DDR4, 1TB PCIe NVMe SSD, Per-Key RGB KB, Windows 10, G532LWS-DS76",,,4.3 out of 5 stars,119
"HP Chromebook 11, 11.6"", Celeron, 4GB, 16GB, Chrome OS","
    
        
        
            Personal Computers
        
    
",$237.99,4.3 out of 5 stars,564
"HP Chromebook 11, 11.6"", Celeron, 4GB, 16GB, Chrome OS",,,4.3 out of 5 stars,564
"Newest HP Pavilion 15.6"" FHD IPS Premium Gaming Laptop, AMD 2nd Gen Quad-Core Ryzen 5 3550H, 8GB RAM, 256GB SSD, NVIDIA GeForce GTX 1050 3GB GDDR5, Backlit Keyboard, Windows 10","
    
        
        
            Personal Computers
        
    
",$679.99,4.4 out of 5 stars,138
"Newest HP Pavilion 15.6"" FHD IPS Premium Gaming Laptop, AMD 2nd Gen Quad-Core Ryzen 5 3550H, 8GB RAM, 256GB SSD, NVIDIA GeForce GTX 1050 3GB GDDR5, Backlit Keyboard, Windows 10",,,4.4 out of 5 stars,138
"ASUS 11.6"" Chromebook 4GB RAM 16GB eMMC Flash Memory Gray","
    
        
        
            Personal Computers
        
    
",$209.50,4.3 out of 5 stars,134
"ASUS 11.6"" Chromebook 4GB RAM 16GB eMMC Flash Memory Gray",,,4.3 out of 5 stars,134
"Acer Predator Helios 300 Gaming Laptop, Intel Core i7-9750H, GeForce GTX 1660 Ti, 15.6"" Full HD 144Hz Display, 3ms Response Time, 16GB DDR4, 512GB PCIe NVMe SSD, RGB Backlit Keyboard, PH315-52-710B","
    
        
        
            Personal Computers
        
    
","$1,248.00",4.7 out of 5 stars,"1,393"
"Acer Predator Helios 300 Gaming Laptop, Intel Core i7-9750H, GeForce GTX 1660 Ti, 15.6"" Full HD 144Hz Display, 3ms Response Time, 16GB DDR4, 512GB PCIe NVMe SSD, RGB Backlit Keyboard, PH315-52-710B",,,4.7 out of 5 stars,"1,393"
"LG Ultra PC High Performance Laptop - 17"" IPS WQXGA (2560 x 1600) Display and Intel 10th Generation Intel Core i7-10510U CPU, NVIDIA GTX1650 GDDR5 4GB, 16GB DDR4 2666 MHz RAM - 512GB NVMe SSD","
    
        
        
            Personal Computers
        
    
","$1,299.00",3.9 out of 5 stars,11
"LG Ultra PC High Performance Laptop - 17"" IPS WQXGA (2560 x 1600) Display and Intel 10th Generation Intel Core i7-10510U CPU, NVIDIA GTX1650 GDDR5 4GB, 16GB DDR4 2666 MHz RAM - 512GB NVMe SSD",,,3.9 out of 5 stars,11
"Razer Blade Pro 17 Gaming Laptop 2020: Intel Core i7-10875H 8-Core, NVIDIA GeForce RTX 2080 SUPER Max-Q, 17.3"" FHD 300Hz, 16GB RAM, 512GB SSD, CNC Aluminum, Chroma RGB, Thunderbolt 3, SD Card Reader","
    
        
        
            Personal Computers
        
    
","$2,999.99",3.9 out of 5 stars,82
"Razer Blade Pro 17 Gaming Laptop 2020: Intel Core i7-10875H 8-Core, NVIDIA GeForce RTX 2080 SUPER Max-Q, 17.3"" FHD 300Hz, 16GB RAM, 512GB SSD, CNC Aluminum, Chroma RGB, Thunderbolt 3, SD Card Reader",,,3.9 out of 5 stars,82
"Newest HP Stream 14"" HD(1366x768) Display, Intel Celeron N4000 Dual-Core Processor, 4GB RAM, 32GB eMMC, HDMI, WiFi, Webcam, Bluetooth, Win10 S, Brilliant Black(Renewed) (Brilliant Black/ N4000)","
    
        
        
            Personal Computers
        
    
",$275.00,4.1 out of 5 stars,"1,176"
"Newest HP Stream 14"" HD(1366x768) Display, Intel Celeron N4000 Dual-Core Processor, 4GB RAM, 32GB eMMC, HDMI, WiFi, Webcam, Bluetooth, Win10 S, Brilliant Black(Renewed) (Brilliant Black/ N4000)",,,4.1 out of 5 stars,"1,176"
"2020 HP Pavilion 15.6"" 2-in-1 Convertible HD Touchscreen Laptop Intel Core i5-10210U 8GB DDR4 512GB M.2 SSD Windows 10","
    
        
        
            Personal Computers
        
    
",$698.00,4.4 out of 5 stars,45
"2020 HP Pavilion 15.6"" 2-in-1 Convertible HD Touchscreen Laptop Intel Core i5-10210U 8GB DDR4 512GB M.2 SSD Windows 10",,,4.4 out of 5 stars,45
"2020 Lenovo IdeaPad 3 17"" Laptop, AMD Ryzen 7 3700U, Webcam, Fingerprint Reader, Numeric Keypad, Bluetooth, HDMI, AMD Radeon Vega 10 Graphics, Windows 10, Platinum Grey (12GB|128GB SSD|1TB HDD)","
    
        
        
            Personal Computers
        
    
",$679.00,4.0 out of 5 stars,10
"2020 Lenovo IdeaPad 3 17"" Laptop, AMD Ryzen 7 3700U, Webcam, Fingerprint Reader, Numeric Keypad, Bluetooth, HDMI, AMD Radeon Vega 10 Graphics, Windows 10, Platinum Grey (12GB|128GB SSD|1TB HDD)",,,4.0 out of 5 stars,10
"ConceptD 3 Ezel CC314-72G-72SX Convertible Creator Laptop, Intel i7-10750H, GeForce GTX 1650 Max-Q, 14"" FHD IPS, Gorilla Glass, Pantone Validated, 100% sRGB, 16GB, 512GB NVMe SSD, Wacom AES 1.0 Pen","
    
        
        
            Personal Computers
        
    
","$1,279.99",3.8 out of 5 stars,50
"ConceptD 3 Ezel CC314-72G-72SX Convertible Creator Laptop, Intel i7-10750H, GeForce GTX 1650 Max-Q, 14"" FHD IPS, Gorilla Glass, Pantone Validated, 100% sRGB, 16GB, 512GB NVMe SSD, Wacom AES 1.0 Pen",,,3.8 out of 5 stars,50
"ASUS ROG Strix Scar 17 Gaming Laptop, 17.3” 300Hz FHD IPS Type, NVIDIA GeForce RTX 2070 Super, Intel Core i7-10875H, 16GB DDR4, 1TB PCIe SSD, Per-Key RGB Keyboard, Wi-Fi 6, Windows 10, G732LWS-DS76","
    
        
        
            Personal Computers
        
    
","$2,134.99",4.2 out of 5 stars,45
"ASUS ROG Strix Scar 17 Gaming Laptop, 17.3” 300Hz FHD IPS Type, NVIDIA GeForce RTX 2070 Super, Intel Core i7-10875H, 16GB DDR4, 1TB PCIe SSD, Per-Key RGB Keyboard, Wi-Fi 6, Windows 10, G732LWS-DS76",,,4.2 out of 5 stars,45
